"codigo","ponto_monitoramento","pH","oxigenio_dissolvido","dbo","fosforo_total","escherichia_coli","nitrogenio_amoniacal","nitrogenio_kjeldahl","nitrogenio_total","turbidez","temperatura_agua","solidos_totais","condutividade","ano_coleta"
"87398500","PM1",6.74,7,4,NA,NA,NA,NA,NA,NA,21,NA,100,1992
"87398900","PM3",6.48,6.9,2,NA,NA,NA,NA,NA,NA,21.5,NA,70,1992
"87398950","PM4",6.69,6.8,1,NA,NA,NA,NA,NA,NA,21,NA,75,1992
"87405500","PM5",6.19,2.4,4,NA,NA,NA,2,2,NA,22,NA,115,1992
"87409900","PM7",6.18,0.38,9,NA,NA,NA,NA,NA,NA,21,NA,170,1992
"87398500","PM1",6.8,9.1,2,NA,176,NA,NA,NA,NA,15,114,76,1992
"87398900","PM3",6,6.9,1,NA,104,NA,NA,NA,NA,17,474,40,1992
"87398950","PM4",8.1,7.9,1,NA,240,NA,NA,NA,NA,16,76,42,1992
"87405500","PM5",6.18,6.7,2,NA,7.2,NA,NA,NA,NA,15,93,34,1992
"87409900","PM7",6.2,5.1,4,NA,56,NA,NA,NA,NA,16,94,68,1992
"87398500","PM1",7.23,9.1,1,0.14,19200,NA,NA,NA,NA,11,94,40,1992
"87398900","PM3",6.64,9.5,1,0.12,1760,NA,NA,NA,NA,11,97,30,1992
"87398950","PM4",6.82,9.3,1,0.14,10400,NA,NA,NA,NA,12,93,28,1992
"87405500","PM5",6.7,8.3,1,0.16,10400,NA,NA,NA,NA,12.5,123,35,1992
"87409900","PM7",6.2,7.8,2,0.26,18.4,NA,NA,NA,NA,12.5,144,45,1992
"87398500","PM1",6.58,NA,1,0.09,192,NA,NA,NA,NA,13,85,40,1992
"87398900","PM3",6.8,10.3,1,0.05,64,NA,NA,NA,NA,14,70,30,1992
"87398950","PM4",6.2,10.3,1,0.06,240,NA,NA,NA,NA,13.5,81,30,1992
"87405500","PM5",6.58,9.4,2,0.11,2.4,NA,NA,NA,NA,13,91,40,1992
"87409900","PM7",6.37,8.8,3,0.21,24,NA,NA,NA,NA,13,105,50,1992
"87398500","PM1",7.02,7.02,2.4,0.046,240,NA,NA,NA,NA,19,118,85,1992
"87398900","PM3",6.63,8.02,1,0.002,40,NA,NA,NA,NA,21,96,60,1992
"87398950","PM4",6.47,7.06,1,0.048,2.4,NA,NA,NA,NA,19,106,50,1992
"87405500","PM5",6.77,6,1.8,0.079,40,NA,NA,NA,NA,19,116,60,1992
"87409900","PM7",6.19,4.8,3.8,0.15,104,NA,NA,NA,NA,20,120,80,1992
"87398500","PM1",6.93,8.8,3,NA,192,NA,NA,NA,NA,18,92,50,1992
"87398900","PM3",6,7.6,4,NA,40,NA,NA,NA,NA,20,84,40,1992
"87398950","PM4",6.47,6.8,1,NA,560,NA,NA,NA,NA,20,86,40,1992
"87405500","PM5",6,6.8,3,NA,8.8,NA,NA,NA,NA,20,101,55,1992
"87409900","PM7",6.4,4.4,3,NA,64,NA,NA,NA,NA,20,104,70,1992
"87398500","PM1",6.34,7.01,3,0.083,240,NA,NA,NA,NA,16,115,50,1992
"87398900","PM3",6.09,7.2,2,0.074,1760,NA,NA,NA,NA,21.5,150,49,1992
"87398950","PM4",6.26,6.02,2,0.056,4,NA,NA,NA,NA,20,107,50,1992
"87405500","PM5",6.34,2.9,3,0.171,18.4,NA,NA,NA,NA,22,127,105,1992
"87409900","PM7",6.26,2.5,5,0.181,18.4,NA,NA,NA,NA,20,142,120,1992
"87398500","PM1",6.67,4.9,3,0.046,40,NA,NA,NA,26,24,107,55,1992
"87398900","PM3",6.2,5.93,2,0.059,2080,NA,NA,NA,21,26,142,64,1992
"87398900","PM3",6.03,5.93,2,0.059,40,NA,NA,NA,NA,NA,142,63,1992
"87398950","PM4",5.99,4.3,2,0.054,560,NA,NA,NA,11,26,99,62,1992
"87405500","PM5",8.07,13.07,21,0.47,12.8,NA,NA,NA,8.6,30,178,196,1992
"87409900","PM7",6.68,2.9,10,1.53,12.8,NA,NA,NA,14,28,214,230,1992
"87398500","PM1",5.9,5.1,3,0.01,136,NA,NA,NA,7.1,28,73,150,1993
"87398900","PM3",6.3,5.7,3,0.018,88,NA,NA,NA,15,30,94,100,1993
"87398950","PM4",6.4,5.7,1,0.02,12.8,NA,NA,NA,20,27,101,110,1993
"87405500","PM5",6.3,3.7,5,0.354,12.8,NA,NA,NA,12,30,160,200,1993
"87409900","PM7",6.9,10.6,17,NA,12.8,NA,NA,NA,12,30,104,400,1993
"87398500","PM1",6.1,3.5,2,0.031,720,NA,NA,NA,6.2,27,59,NA,1993
"87398900","PM3",6.19,6.5,2,0.024,104,NA,NA,NA,16,28,92,70,1993
"87398950","PM4",6.31,4.1,1,0.046,12.8,NA,NA,NA,19,27,108,80,1993
"87405500","PM5",6.73,5.3,4,0.397,12.8,NA,NA,NA,23,29,136,200,1993
"87409900","PM7",6.67,6.3,5,0.715,NA,NA,NA,NA,18,30,122,230,1993
"87398500","PM1",6.65,6.7,1,0.031,104,NA,NA,NA,9,24,87,43,1993
"87398900","PM3",6.51,6,1,0.029,64,NA,NA,NA,9.5,26,98,45,1993
"87398950","PM4",6.43,6,1,0.039,28000,NA,NA,NA,9.6,25,101,46,1993
"87405500","PM5",6.55,3.6,4,0.215,128,NA,NA,NA,22,27,148,71,1993
"87409900","PM7",7.13,0.5,3,0.285,128,NA,NA,NA,10,27,134,105,1993
"87398950","PM4",6.4,7.4,2,0.03,12.8,NA,NA,NA,13,22,85,55,1993
"87398500","PM1",6.7,7.5,1,0.071,720,NA,NA,NA,25,24,129,90,1993
"87398900","PM3",6.2,7.4,1,0.016,192,NA,NA,NA,12,22,80,60,1993
"87405500","PM5",6.3,3.5,3,0.305,12.8,NA,NA,NA,24,25,135,110,1993
"87409900","PM7",6.5,2.3,3,0.39,12.8,NA,NA,NA,11,24,20,150,1993
"87398500","PM1",6.8,7.1,2,0.088,240,NA,NA,NA,27,21,200,34,1993
"87398900","PM3",6.5,7.9,2,0.015,720,NA,NA,NA,16,24,143,51,1993
"87398950","PM4",6.6,7.1,2,0.039,12.8,NA,NA,NA,18,21,155,56,1993
"87405500","PM5",6.9,0.6,9,0.69,12.8,NA,NA,NA,23,27,209,182,1993
"87409900","PM7",6.7,2.2,13,0.95,12.8,NA,NA,NA,17,24,223,137,1993
"87398900","PM3",6,5.4,2,0.021,240,NA,NA,NA,32,16,128,40,1993
"87398950","PM4",6.1,5.9,2,0.027,240,NA,NA,NA,30,16,112,40,1993
"87405500","PM5",6.3,5.8,2,0.108,2.4,NA,NA,NA,33,16,140,40,1993
"87409900","PM7",6.2,5.4,3,0.131,12.8,NA,NA,NA,34,16,181,50,1993
"87398500","PM1",6.7,8.2,1,0.051,240,NA,NA,NA,19,12,92,65,1993
"87398900","PM3",6.6,7.4,1,NA,1280,NA,NA,NA,19,16,82,40,1993
"87398950","PM4",6.8,6.8,1,NA,12800,NA,NA,NA,35,15,106,40,1993
"87405500","PM5",6.8,6.8,2,NA,7.2,NA,NA,NA,36,14,120,55,1993
"87409900","PM7",6.9,6.1,2,NA,2.4,NA,NA,NA,36,14,56,70,1993
"87398500","PM1",6.6,8,1,0.04,NA,NA,NA,NA,19,17.5,77,60,1993
"87398500","PM1",6.6,10.8,2,NA,56,NA,NA,NA,16,12,74,60,1993
"87398900","PM3",6,9.8,1,NA,18.4,NA,NA,NA,14,14,67,40,1993
"87398950","PM4",6.4,10.3,2,NA,640,NA,NA,NA,13,13,69,40,1993
"87405500","PM5",6.5,9.4,4,NA,4,NA,NA,NA,14,12,75,60,1993
"87409900","PM7",6.4,7.8,4,NA,72,NA,NA,NA,14,12,88,70,1993
"87398500","PM1",6.7,7.5,1,0.059,1920,NA,0.78,0.78,NA,18,NA,39,1993
"87398900","PM3",6.6,8.5,1,0.049,400,NA,4.86,4.86,NA,19,NA,39,1993
"87398950","PM4",6.5,8,1,0.08,18400,NA,0.9,0.9,NA,19,NA,42,1993
"87405500","PM5",6.2,4.2,5,0.338,24,NA,0.71,0.71,NA,18,NA,71,1993
"87409900","PM7",6.1,2.1,13,0.59,128,NA,4.22,4.22,NA,19,NA,109,1993
"87398500","PM1",6.8,8.6,3,0.065,640,NA,0.77,0.77,16,19,98,60,1993
"87398900","PM3",6.8,8.6,2,0.091,104,NA,0.65,0.65,19,20,109,40,1993
"87398950","PM4",6.4,7.8,3,0.091,10.4,NA,0.79,0.79,23,20,93,43,1993
"87405500","PM5",6.4,3.4,1,0.3,13.6,NA,3.78,3.78,26,19,125,78,1993
"87409900","PM7",6.4,1.7,3,0.464,40,NA,4.34,4.34,21,20,138,104,1993
"87398500","PM1",6.7,5.3,1,0.088,240,NA,0.95,0.95,22,26,130,53,1993
"87398900","PM3",6.7,6.3,1,0.013,136,NA,0.9,0.9,19,27,117,41,1993
"87398950","PM4",6.4,5.3,1,0.118,720,NA,NA,NA,16,27,120,44,1993
"87405500","PM5",6.6,3.7,4,0.299,17.6,NA,NA,NA,15,27,127,66,1993
"87409900","PM7",6.3,2.3,6,0.485,128,NA,NA,NA,12,26,143,90,1993
"87398500","PM1",6.9,5.6,2,0.053,160,NA,1,1,11,25,92,68,1993
"87398900","PM3",6.6,7.3,1,0.068,400,NA,1.06,1.06,22,27,116,45,1993
"87398950","PM4",6.6,7,1,0.113,4,NA,NA,NA,21,25,103,41,1993
"87405500","PM5",6.4,4.4,2,0.213,6.4,NA,NA,NA,26,25,110,60,1993
"87409900","PM7",6.3,2.2,4,0.389,136,NA,NA,NA,20,25,124,84,1993
"87398500","PM1",7.2,5.6,2,0.068,40,NA,0.71,0.71,20,25,95,62,1994
"87398900","PM3",7.1,6.3,2,0.088,18.4,NA,1.34,1.34,23,28,123,56,1994
"87398950","PM4",6.9,5.3,2,0.098,19200,NA,NA,NA,19,27,109,NA,1994
"87405500","PM5",7.1,4.3,5,0.505,128,NA,17.8,17.8,19,26,132,131,1994
"87409900","PM7",7.2,2.7,14,0.79,128,NA,19.6,19.6,28,29,161,157,1994
"87398500","PM1",6.4,4.2,3,0.078,136,NA,1.32,1.32,6.5,31,87,55,1994
"87398900","PM3",6.8,8.7,5,0.088,40,NA,1.61,1.61,20,31,112,47,1994
"87398950","PM4",6.6,4.3,2,0.088,12800,NA,1.46,1.46,19,29,107,56,1994
"87405500","PM5",6.6,5.3,11,0.353,12.8,NA,6.62,6.62,8.5,31,160,147,1994
"87409900","PM7",6.3,11.1,11,0.482,12.8,NA,7.19,7.19,5.8,35,153,168,1994
"87398500","PM1",6.5,7,1,0.057,136,NA,0.66,0.66,11,24,76,37,1994
"87398900","PM3",6.4,5.4,1,0.068,24,NA,0.87,0.87,9.7,26,87,30,1994
"87398950","PM4",6.6,5.3,1,0.068,4,NA,1.16,1.16,10,24,83,33,1994
"87405500","PM5",6.5,4.8,3,0.178,12.8,NA,0.83,0.83,16,25,135,49,1994
"87409900","PM7",6.4,3.4,5,0.22,12.8,NA,0.66,0.66,24,24,133,62,1994
"87398500","PM1",7.1,7.3,1,0.117,136,NA,0.74,0.74,21,19.5,102,70,1994
"87398900","PM3",6.7,8,1,0.073,88,NA,0.65,0.65,14,22,79,40,1994
"87398950","PM4",6.4,7.6,1,0.063,560,NA,0.69,0.69,16,20,86,50,1994
"87405500","PM5",6.4,6,3,0.177,12.8,NA,0.51,0.51,18,21,102,70,1994
"87409900","PM7",6.5,3.5,3,0.409,12.8,NA,0.89,0.89,17,21,109,120,1994
"87398500","PM1",6.4,5.5,1,0.127,2400,NA,NA,NA,19,21,111,47,1994
"87398900","PM3",6.5,6.2,1,0.068,400,NA,NA,NA,11,24,81,32,1994
"87398950","PM4",6.3,5.6,3,0.107,8800,NA,NA,NA,15,22,80,33,1994
"87405500","PM5",6.4,5,2,0.132,12.8,NA,NA,NA,20,23,107,47,1994
"87409900","PM7",6.4,4,2,0.226,12.8,NA,NA,NA,18,23,117,61,1994
"87398500","PM1",6.8,9,2,0.098,640,NA,1.37,1.37,16,12,89,50,1994
"87398900","PM3",6.4,9,1,0.048,640,NA,1.3,1.3,10,16,69,40,1994
"87405500","PM5",6.5,7.5,1,0.053,6.4,NA,0.74,0.74,10,16,74,70,1994
"87409900","PM7",6.6,7.3,4,0.162,40,NA,1.23,1.23,12,16,80,70,1994
"87398950","PM4",6.5,8.9,2,0.038,720,NA,0.8,0.8,10,16,72,50,1994
"87398500","PM1",6.7,9.9,2,0.097,2240,NA,0.87,0.87,27,14,84,50,1994
"87398900","PM3",6.3,10.5,2,0.022,176,NA,0.53,0.53,14,15,58,30,1994
"87398950","PM4",5.4,9.4,1,0.037,10400,NA,0.56,0.56,19,14,61,40,1994
"87405500","PM5",5.9,8.8,1,0.017,4,NA,1.01,1.01,30,14,80,50,1994
"87409900","PM7",6,8.2,2,0.107,13.6,NA,1.11,1.11,24,14,96,60,1994
"87398500","PM1",7.7,9.8,1,0.082,240,NA,0.82,0.82,18,16,86,50,1994
"87398900","PM3",6.2,9.8,1,0.047,192,NA,0.52,0.52,10,17,59,40,1994
"87398950","PM4",6.4,7.4,2,0.047,10400,NA,0.83,0.83,10,15,56,40,1994
"87405500","PM5",6.1,6.1,1,0.102,13.6,NA,1.4,1.4,12,15,84,50,1994
"87409900","PM7",6.2,8.4,4,0.268,72,NA,1.98,1.98,14,15,95,80,1994
"87398500","PM1",7.2,8.8,2,0.391,4000,NA,0.44,0.44,28,14,116,50,1994
"87398900","PM3",7,8.7,5,0.088,560,NA,0.49,0.49,12,16,78,40,1994
"87398950","PM4",6.4,8.5,1,0.034,6.4,NA,0.71,0.71,16,16,87,40,1994
"87405500","PM5",6.3,5.8,3,0.054,40,NA,1.53,1.53,15,15,101,80,1994
"87409900","PM7",6.2,5.4,4,0.187,40,NA,1.51,1.51,21,15,133,100,1994
"87398500","PM1",6.1,7.5,2,0.118,40,NA,1.47,1.47,31,23,116,50,1994
"87398900","PM3",6.3,8.7,2,0.247,184,NA,1.12,1.12,20,25,101,60,1994
"87398950","PM4",6.4,7,2,0.098,13600,NA,1.09,1.09,17,23,91,65,1994
"87405500","PM5",6.2,3.3,3,0.366,40,NA,3.59,3.59,20,22,114,140,1994
"87409900","PM7",6.1,1.2,6,0.634,128,NA,13.5,13.5,25,22,157,200,1994
"87398500","PM1",6.6,NA,2,0.559,104,NA,0.75,0.75,23,22,95,55,1994
"87398900","PM3",6.5,7,1,0.044,56,NA,0.79,0.79,17,19,83,45,1994
"87398950","PM4",6.3,6.3,3,0.083,10400,NA,0.7,0.7,16,22,80,50,1994
"87405500","PM5",6.4,3.8,2,0.173,24,NA,1.44,1.44,15,22,89,75,1994
"87409900","PM7",6.5,3.2,3,0.272,5.6,NA,0.5,0.5,12,22,98,80,1994
"87398500","PM1",6.9,5.1,2,0.103,104,NA,1.62,1.62,13,27,96,85,1994
"87398900","PM3",6.9,7.6,3,0.118,32,NA,1.45,1.45,19,28,127,NA,1994
"87398950","PM4",6.9,6.5,5,0.113,4,NA,1.42,1.42,20,25,121,90,1994
"87405500","PM5",6.8,3.5,3,0.495,40,NA,5.24,5.24,19,25,132,170,1994
"87409900","PM7",6.7,2.2,5,0.748,128,NA,5.45,5.45,13,25,131,220,1994
"87398500","PM1",6.4,6.4,3,0.035,240,NA,1.08,1.08,13,22,77,49,1995
"87398500","PM1",6.1,2.9,1,0.035,32,NA,0.89,0.89,7.1,27,54,60,1995
"87398900","PM3",6.1,3.7,1,0.035,32,NA,1.2,1.2,10,26,69,51,1995
"87398950","PM4",6.1,6.1,3,0.055,640,NA,0.88,0.88,10,25.6,66,54,1995
"87398500","PM1",6.5,5.1,1,NA,400,NA,0.86,0.86,11,24,75,72,1995
"87398900","PM3",6.5,9,1,NA,136,NA,0.9,0.9,14,24,72,52,1995
"87398950","PM4",6,7.8,1,NA,400,NA,1.29,1.29,16,24,90,60,1995
"87398500","PM1",6.1,6.7,1,0.123,240,NA,0.99,0.99,15,20,95,82.8,1995
"87398900","PM3",6.2,7.9,3,0.098,240,NA,1.08,1.08,27,20,108,54,1995
"87398950","PM4",6.1,7.9,2,0.083,19200,NA,1.11,1.11,24,20,131,72.2,1995
"87405500","PM5",6.4,3.8,2,0.284,12.8,NA,3.53,3.53,46,22,123,117.9,1995
"87409900","PM7",6.5,1,7,0.565,12.8,NA,5.14,5.14,27,22,122,168.5,1995
"87398500","PM1",7,5.4,2,0.118,12800,NA,1.07,1.07,27,16,104,10,1995
"87398900","PM3",7,6.3,1,0.033,136,NA,0.66,0.66,15,15.5,74,61,1995
"87398950","PM4",7.1,5.2,3,0.123,12.8,NA,1.51,1.51,18,15,99,101,1995
"87405500","PM5",6.9,0.5,64,0.916,12.8,NA,11.7,11.7,58,16,239,311,1995
"87409900","PM7",6.8,0.8,12,1.42,12.8,NA,10.8,10.8,16,17.5,175,317,1995
"87398500","PM1",6.6,8.8,1,0.143,2400,NA,0.91,0.91,25,15.5,94,66,1995
"87398900","PM3",6.5,9.5,1,0.058,1360,NA,0.64,0.64,11,15,68,45,1995
"87398950","PM4",6.7,8.5,2,0.033,16.8,NA,0.76,0.76,17,16,75,47,1995
"87405500","PM5",6.4,7.9,2,0.163,128,NA,1.85,1.85,25,16,121,69,1995
"87409900","PM7",6.6,6.5,3,0.399,72,NA,2.74,2.74,20,16,99,85,1995
"87398500","PM1",6.3,6.4,1,0.071,64,NA,0.82,0.82,17,15,82,36.6,1995
"87398900","PM3",6.3,6.8,2,0.039,64,NA,0.65,0.65,17,13.8,69,30.6,1995
"87398950","PM4",6.3,6.5,2,0.049,104,NA,0.73,0.73,20,14.3,75,36.8,1995
"87405500","PM5",6.3,7,2,0.078,104,NA,0.93,0.93,20,16,77,42.3,1995
"87409900","PM7",6.7,6.9,3,0.138,6.4,NA,1.37,1.37,22,16,201,60.6,1995
"87398500","PM1",6.43,8.5,1,0.087,184,NA,0.96,0.96,17,23,69,56.6,1995
"87398900","PM3",6.5,10.2,1,0.046,160,NA,0.75,0.75,9,23.2,53,43.2,1995
"87398950","PM4",6.5,8.3,1,0.058,160,NA,0.75,0.75,13,18.2,66,51.5,1995
"87405500","PM5",6.3,6.7,4,0.217,10.4,NA,2.25,2.25,17,18.5,84,72.7,1995
"87409900","PM7",6,5.7,2,0.363,128,NA,3.26,3.26,11,19.5,80,94.3,1995
"87398500","PM1",6.8,7,2,0.081,160,NA,1.51,1.51,18,19,97,110,1995
"87398900","PM3",6.7,7.3,2,0.039,160,NA,1.05,1.05,11,21,67,60,1995
"87398950","PM4",7.1,6.6,5,0.062,640,NA,0.83,0.83,10,21,68,70,1995
"87405500","PM5",7,5.3,3,0.17,24,NA,1.75,1.75,12,21,86,90,1995
"87409900","PM7",6.8,4.4,4,0.268,128,NA,1.98,1.98,13,22,93,110,1995
"87398500","PM1",6.9,5,3,NA,240,NA,1.32,1.32,14,32,91,11,1995
"87398900","PM3",7,6.6,2,NA,240,NA,1.36,1.36,18,32,120,10,1995
"87398950","PM4",6.9,4.4,2,NA,2.4,NA,0.77,0.77,16,27,103,9,1995
"87405500","PM5",7,1,NA,NA,128,NA,6.77,6.77,15,27,141,25,1995
"87409900","PM7",7.4,0.6,NA,NA,72,NA,8.01,8.01,9,27,135,29,1995
"87398500","PM1",7.6,3.4,3,NA,104,NA,1.43,1.43,NA,24,77,250,1995
"87398900","PM3",7.9,6,2,NA,18.4,NA,1.28,1.28,NA,26,134,100,1995
"87398950","PM4",7.4,4.1,2,NA,480,NA,2.16,2.16,NA,25,100,140,1995
"87405500","PM5",7.5,5.5,19,NA,128,NA,14.8,14.8,NA,27,222,390,1995
"87409900","PM7",7.4,5.7,16,NA,4,NA,5.94,5.94,NA,27,137,210,1995
"87398500","PM1",6.3,1.7,4,NA,NA,NA,1.17,1.17,NA,28,100,170,1996
"87398900","PM3",6.4,6,3,NA,NA,NA,1.18,1.18,NA,30,139,160,1996
"87398950","PM4",6.3,4.1,1,NA,NA,NA,1.62,1.62,NA,28,104,160,1996
"87405500","PM5",9.3,19.9,NA,NA,NA,NA,17.8,17.8,NA,34,361,410,1996
"87409900","PM7",7.1,3.1,31,NA,NA,NA,6.53,6.53,NA,29,177,460,1996
"87398500","PM1",6.7,2,1,0.051,64,NA,1.12,1.12,31,28,46,70,1996
"87398900","PM3",6.6,2,1,0.074,88,NA,1.19,1.19,55,29,64,70,1996
"87398950","PM4",7,2.8,1,0.09,240,NA,1.19,1.19,52,28,67,70,1996
"87405500","PM5",6.6,1.4,4,0.23,24,NA,1.85,1.85,58,28,83,100,1996
"87409900","PM7",6.5,NA,5,0.297,24,NA,3.16,3.16,57,28,91,120,1996
"87398500","PM1",6.1,3.3,1,0.02,136,NA,0.65,0.65,27,23.9,58,55,1996
"87398900","PM3",6.1,6,1,0.051,64,NA,0.96,0.96,63,26,80,50,1996
"87398950","PM4",6.2,4.6,2,0.074,17600,NA,1.02,1.02,59,25,94,60,1996
"87405500","PM5",6.3,1.9,18,0.31,104,NA,1.02,1.02,63,25,117,110,1996
"87409900","PM7",6.5,0.1,25,0.54,128,NA,4.95,4.95,54,26,110,140,1996
"87398500","PM1",6.1,4.9,1,0.058,184,NA,0.84,0.84,47,24,87,70,1996
"87398900","PM3",6.3,8,1,0.074,24,NA,0.96,0.96,85,27,116,60,1996
"87398950","PM4",6.4,6.2,1,0.083,7.2,NA,1.35,1.35,62,25,110,60,1996
"87405500","PM5",6.4,0.6,6,0.489,136,NA,4.95,4.95,50,26,133,150,1996
"87409900","PM7",6.6,0.8,15,0.803,128,NA,6.24,6.24,50,27,144,210,1996
"87398500","PM1",6.8,5,2,0.086,NA,NA,0.96,0.96,67,21,113,80,1996
"87398900","PM3",6.7,6,2,0.045,21.6,NA,0.65,0.65,42,21,69,50,1996
"87398950","PM4",6.6,4.5,2,0.074,640,NA,1.18,1.18,47,21,85,60,1996
"87405500","PM5",6.7,0.1,8,0.74,400,NA,6.24,6.24,41,22,120,170,1996
"87409900","PM7",6.7,1.6,17,0.857,128,NA,5.64,5.64,34,23,114,160,1996
"87398500","PM1",6,5.2,2,0.035,1040,NA,0.69,0.69,45,13,82,72,1996
"87398900","PM3",6,7,1,0.073,176,NA,0.6,0.6,49,13.9,91,62,1996
"87398950","PM4",6.2,5.9,2,0.105,2.4,NA,1.16,1.16,48,13.5,89,69,1996
"87405500","PM5",6.6,0.3,9,0.862,7.2,NA,9.7,9.7,38,14.9,147,248,1996
"87409900","PM7",6.8,0.6,7,0.744,128,NA,7.94,7.94,27,17.3,132,228,1996
"87398500","PM1",6.4,5.4,2,0.121,240,NA,NA,NA,50,11.7,93,67,1996
"87398900","PM3",6.1,8,1,0.057,184,NA,NA,NA,45,10.8,69,47,1996
"87398950","PM4",6,7.1,1,0.067,560,NA,NA,NA,47,10.6,82,160,1996
"87405500","PM5",6.2,6,1,0.246,13.6,NA,NA,NA,57,10.6,108,76,1996
"87409900","PM7",6.3,4.8,6,0.252,72,NA,NA,NA,54,10.9,100,100,1996
"87398500","PM1",6.2,4.3,2,0.083,136,NA,0.89,0.89,34,15.3,80,117,1996
"87398900","PM3",6,8,1,0.025,40,NA,0.59,0.59,25,16.5,55,57,1996
"87398950","PM4",6.2,5.8,2,0.067,10400,NA,1.07,1.07,24,15.2,63,68,1996
"87405500","PM5",6.4,6.4,3,0.773,24,NA,7.35,7.35,25,15.6,114,192,1996
"87409900","PM7",6.6,0.7,10,1.31,128,NA,10.6,10.6,23,16.2,136,258,1996
"87398500","PM1",6.3,6.1,1,0.072,240,NA,0.89,0.89,55,15.2,89,52.2,1996
"87398900","PM3",5.6,7,1,0.053,184,NA,0.86,0.86,55,17,88,49.4,1996
"87398950","PM4",5.9,5.3,1,0.056,264,NA,1.01,1.01,49,15.3,87,51.9,1996
"87405500","PM5",5.5,6.5,2,0.16,NA,NA,1.37,1.37,57,16.3,109,70.2,1996
"87409900","PM7",5.5,5.7,2,0.201,NA,NA,1.9,1.9,65,15.3,133,95,1996
"87398500","PM1",6.4,4.6,2,0.091,104,NA,1.02,1.02,48,21.2,105,78.8,1996
"87398900","PM3",5.6,6,1,0.053,88,NA,0.91,0.91,37,24.9,18,49.9,1996
"87398950","PM4",6.8,5.3,1,0.06,104,NA,0.92,0.92,35,24.8,10,72.2,1996
"87405500","PM5",6.7,4.6,3,0.204,40,NA,1.69,1.69,40,24.4,94,67.8,1996
"87409900","PM7",5.9,3.4,4,0.27,240,NA,1.32,1.32,44,23.1,107,99.2,1996
"87398500","PM1",7.2,6.5,NA,0.147,4000,NA,1.44,1.44,186,24.8,174,42,1996
"87398900","PM3",7.2,5,NA,0.075,2400,NA,1,1,62,24.4,136,74,1996
"87398950","PM4",6.9,5.3,NA,0.082,17600,NA,0.94,0.94,43,23.5,78,35,1996
"87405500","PM5",7.1,3.6,NA,0.188,184,NA,1.59,1.59,46,22.6,95,76,1996
"87409900","PM7",7.4,2.1,NA,0.261,720,NA,2.82,2.82,46,23.3,98,137,1996
"87398500","PM1",5.6,2.3,3,0.132,640,NA,1.34,1.34,67,27.2,122,86.2,1996
"87398900","PM3",5.9,5,1,0.085,136,NA,1.16,1.16,71,33,114,71.9,1996
"87398950","PM4",6.4,3.7,1,0.107,7.2,NA,1.19,1.19,51,33,113,83.6,1996
"87405500","PM5",6.3,2.3,7,0.72,104,NA,7.1,7.1,47,32.1,130,172.6,1996
"87409900","PM7",6.7,2.4,10,1.31,4,NA,7.9,7.9,44,32.5,144,183.6,1996
"87398900","PM3",6.6,5.2,1,0.068,32,NA,0.94,0.94,70,33.1,103,71,1997
"87398950","PM4",7.1,3.1,1,0.09,12.8,NA,1.06,1.06,55,30.5,98,72.8,1997
"87398500","PM1",6.4,1.1,3,0.143,240,NA,1.31,1.31,75,30.1,104,81.8,1997
"87398500","PM1",6.6,2,2,0.087,720,NA,0.92,0.92,35,22,70,80,1997
"87398900","PM3",6.8,4.6,1,0.08,104,NA,1.13,1.13,62,26,97,101,1997
"87398950","PM4",6.3,3,2,0.121,12.8,NA,1.43,1.43,62,26.5,108,124,1997
"87405500","PM5",6.3,0.4,4,0.509,176,NA,5.74,5.74,51,27.1,131,187,1997
"87409900","PM7",5.9,NA,4,0.834,720,NA,8.15,8.15,46,27.1,142,220,1997
"87398500","PM1",7.1,6.6,1,0.039,192,NA,0.64,0.64,19,25,51,50,1997
"87398900","PM3",6.9,5.6,1,0.065,720,NA,0.89,0.89,55,25,89,77,1997
"87398950","PM4",6.8,4.4,1,0.09,24,NA,1.16,1.16,59,25,104,47,1997
"87405500","PM5",6.7,0.5,4,0.418,24,NA,4.5,4.5,62,25,162,260,1997
"87409900","PM7",6.9,0.1,8,0.752,400,NA,6.95,6.95,51,25,143,270,1997
"87398500","PM1",6.9,6.8,1,0.03,192,NA,0.66,0.66,14,25,61,50,1997
"87398900","PM3",6.8,5.1,1,0.046,720,NA,0.74,0.74,56,25,80,70,1997
"87398950","PM4",6.9,4,1,0.08,8.8,NA,0.98,0.98,51,25,83,60,1997
"87405500","PM5",6.7,0.2,11,1.18,720,NA,10.87,10.87,44,24,79,30,1997
"87409900","PM7",6.9,0.5,23,0.711,240,NA,14.8,14.8,53,25,112,60,1997
"87398500","PM1",6.3,6.5,1,0.14,64,NA,0.95,0.95,47,12,116,90,1997
"87398900","PM3",6.6,6.9,1,0.062,640,NA,0.85,0.85,33,NA,82,100,1997
"87398950","PM4",6.7,7,1,0.078,10400,NA,0.91,0.91,35,12,92,90,1997
"87405500","PM5",6.5,6.2,3,0.205,24,NA,2.94,2.94,53,12,112,90,1997
"87409900","PM7",6.4,5.6,5,0.288,9.6,NA,4.24,4.24,70,NA,131,110,1997
"87398500","PM1",5.5,5.5,1,0.109,176,NA,0.85,0.85,55,15.2,77,62,1997
"87398900","PM3",5.5,7.4,1,0.041,136,NA,0.59,0.59,45,16,59,45,1997
"87398950","PM4",5.5,6.1,1,0.059,88,NA,0.51,0.51,47,16.5,91,49,1997
"87405500","PM5",5.5,7.1,1,0.168,18400,NA,1.41,1.41,57,15,70,62,1997
"87409900","PM7",5.5,5.7,3,0.227,18.4,NA,2.17,2.17,67,15.1,102,83,1997
"87398900","PM3",5.3,5.8,1,0.096,24,NA,1.04,1.04,49,21,67,53,1997
"87405500","PM5",5.9,3.2,3,0.261,24,NA,2.45,2.45,49,21.4,86,80,1997
"87409900","PM7",5.8,1.9,3,0.32,64,NA,3.33,3.33,46,21.5,85,97,1997
"87398500","PM1",7.2,5.1,1,0.14,112,NA,0.97,0.97,72,20.3,100,86,1997
"87398950","PM4",6.9,3.5,1,0.084,400,NA,0.91,0.91,45,21.9,60,56,1997
"87398500","PM1",6.2,5.1,2,0.146,1360,NA,1.15,1.15,96,18.2,138,55,1997
"87398900","PM3",5.6,6.3,1,0.106,1040,NA,0.93,0.93,81,18.7,130,45,1997
"87398950","PM4",6.1,4.9,1,0.103,272,NA,1.02,1.02,84,19,130,46,1997
"87405500","PM5",7,4.4,1,0.18,10.4,NA,1.65,1.65,73,19.1,119,76,1997
"87409900","PM7",6.9,4.2,3,0.276,40,NA,1.97,1.97,76,19,154,96,1997
"87398950","PM4",6.6,4.1,1,0.052,640,NA,0.83,0.83,44,23.9,59,40,1997
"87398500","PM1",5.9,3.8,2,0.289,640,NA,2.78,2.78,461,24.9,444,66,1997
"87398900","PM3",6.6,4.5,2,0.055,240,NA,0.82,0.82,45,24.6,59,44,1997
"87405500","PM5",6.8,3.9,2,0.164,24,NA,1.53,1.53,51,23.4,77,69,1997
"87409900","PM7",6.2,1.8,6,0.421,192,NA,4.08,4.08,60,23.6,85,117,1997
"87398500","PM1",6.4,1.5,2,0.196,64,NA,2.86,2.86,296,25.1,358,NA,1997
"87398900","PM3",6.1,5.5,2,0.083,18.4,NA,1.7,1.7,210,26,248,NA,1997
"87398950","PM4",6.8,3.8,1,0.111,7.2,NA,1.83,1.83,144,25.1,116,NA,1997
"87405500","PM5",6.4,0.2,4,0.408,10.4,NA,4.67,4.67,49,25.8,79,NA,1997
"87409900","PM7",6.8,0.1,12,0.819,104,NA,6.2,6.2,45,26.1,381,NA,1997
"87398500","PM1",6.4,7.2,1,0.098,400,NA,1.01,1.01,69,22.3,93,55,1998
"87398900","PM3",5.6,7.2,1,0.048,240,NA,0.96,0.96,44,24.1,63,46,1998
"87398950","PM4",5.9,2.5,1,0.064,240,NA,0.95,0.95,51,24.5,75,51,1998
"87405500","PM5",6.2,2.7,2,0.13,18.4,NA,1.4,1.4,55,23.8,83,72,1998
"87409900","PM7",5.9,2.3,2,0.143,64,NA,1.63,1.63,54,23.7,80,88,1998
"87398500","PM1",5.2,7.8,5,0.068,240,NA,NA,NA,41,26.5,57,55,1998
"87398900","PM3",6,8,6,0.068,136,NA,NA,NA,50,26.8,60,60,1998
"87398950","PM4",6.4,4.4,6,0.074,12800,NA,NA,NA,55,27.2,69,NA,1998
"87405500","PM5",5.9,2.2,2,0.171,24,NA,NA,NA,52,27,105,88,1998
"87409900","PM7",6,0.4,2,0.278,128,NA,NA,NA,52,27.3,120,111,1998
"87398500","PM1",6,6.6,1,0.041,104,NA,0.8,0.8,44,29.8,89,79,1998
"87398900","PM3",5.8,5.8,2,0.079,64,NA,1.25,1.25,80,30,109,57,1998
"87398950","PM4",5.8,3.2,1,0.179,7.2,NA,1.57,1.57,65,30.7,97,NA,1998
"87405500","PM5",5,0.4,3,0.309,24,NA,3.42,3.42,46,30,105,121,1998
"87409900","PM7",4.5,0.5,3,0.378,128,NA,4.37,4.37,43,30,100,133,1998
"87398500","PM1",7.1,6.9,1,0.091,720,NA,0.99,0.99,56,25.2,128,80.9,1998
"87398900","PM3",6.3,5.5,2,0.05,24,NA,0.82,0.82,57,26.5,107,37.5,1998
"87398950","PM4",6.7,4.9,1,0.088,12800,NA,1.14,1.14,56,22.7,127,NA,1998
"87405500","PM5",6.6,1.9,4,0.384,40,NA,4.01,4.01,56,22.7,142,100,1998
"87409900","PM7",6.1,0.1,7,0.69,128,NA,9.5,9.5,61,22,161,146,1998
"87398500","PM1",6.5,5.8,1,0.075,880,0.19,0.77,0.77,62,19.5,90,67,1998
"87398980","PM2",6,7.5,1,0.01,400,0.049,0.549,0.549,28,17.5,50,50,1998
"87398900","PM3",6,4.7,1,0.01,640,0.18,1.13,1.13,97,19.1,118,56,1998
"87405500","PM5",6.3,2.2,4,0.387,1280,3.17,5.13,5.13,115,18.6,188,93,1998
"87406900","PM6",6.2,0.4,NA,0.654,1280,5.41,10.3,10.3,199,19,245,230,1998
"87398500","PM1",6.9,3.7,2,0.183,1280,0.25,0.98,0.98,65,18,135,65.5,1998
"87398980","PM2",6.1,6.2,1,0.018,240,0.18,0.68,0.68,16,16,48,46.9,1998
"87398900","PM3",6.1,3.7,2,0.056,184,0.22,0.22,0.22,53,17.4,75,48.1,1998
"87405500","PM5",6.4,5.9,4,0.244,6.4,1.57,2.37,2.37,60,16.5,103,80,1998
"87406900","PM6",6.3,4.6,4,0.352,64,3.17,4.32,4.32,54,17.4,119,100.3,1998
"87398500","PM1",6.3,4,1,0.075,640,0.21,0.92,0.92,69,18.7,116,68.3,1998
"87398980","PM2",7,7.2,1,0.01,56,0.16,0.66,0.66,21,13.9,73,41,1998
"87398900","PM3",7,4.5,1,0.037,640,0.2,0.73,0.73,51,15.1,89,39,1998
"87405500","PM5",7,6.1,2,0.11,3.2,0.51,1.27,1.27,69,15.1,120,39,1998
"87406900","PM6",7,6.7,2,0.156,13.6,0.61,1.34,1.34,68,15.3,115,59,1998
"87398500","PM1",6.7,3.5,1,0.06,1040,0.15,1.11,1.11,109,17,116,138,1998
"87398980","PM2",6.2,6.2,1,0.01,240,0.18,0.98,0.98,20,16.5,51,41,1998
"87398900","PM3",7,4.1,1,0.04,240,0.087,0.777,0.777,52,17.2,70,42,1998
"87405500","PM5",6.6,5.2,3,0.136,1.6,0.82,1.49,1.49,47,16.9,84,71,1998
"87406900","PM6",6.7,4.5,4,0.226,40,1.33,2.89,2.89,49,16.9,89,89,1998
"87398500","PM1",5.5,NA,2,0.106,1360,0.18,1.27,1.27,147,17,149,NA,1998
"87398980","PM2",5.9,6.3,1,0.02,104,0.14,0.65,0.65,29,15.6,54,38.4,1998
"87398900","PM3",5.5,6.5,1,0.113,7200,0.17,1.29,1.29,143,18.9,146,36.2,1998
"87405500","PM5",5.6,6.3,2,0.146,13.6,0.51,1.4,1.4,85,18.5,115,48,1998
"87406900","PM6",5.8,6.2,5,0.222,400,0.84,1.91,1.91,86,18.5,119,52,1998
"87398500","PM1",6.4,6.1,2,0.296,560,0.32,2.7,2.7,432,21,360,79,1998
"87398980","PM2",6.3,6,2,0.03,104,0.06,0.71,0.71,35,20.5,56,54.1,1998
"87398900","PM3",6.5,7.3,1,0.229,240,0.17,2.71,2.71,460,24.2,325,54.2,1998
"87405500","PM5",6.3,4.8,6,0.335,40,1.82,4.45,4.45,159,22.7,167,111.1,1998
"87406900","PM6",6.5,3.2,8,0.668,240,3.7,7.07,7.07,135,23.1,156,153,1998
"87398500","PM1",7.5,4.9,2,0.449,400,0.34,2.96,2.96,392,19.5,510,77,1998
"87398980","PM2",6.3,6.1,1,0.139,136,0.092,1.022,1.022,118,18.2,132,74,1998
"87398900","PM3",6.4,8.3,1,0.17,560,0.33,1.82,1.82,230,21.5,293,76,1998
"87405500","PM5",6.8,0.6,NA,0.872,1280,7.02,9.55,9.55,112,22.6,191,260,1998
"87406900","PM6",6.8,NA,21,1.3,192,9.84,12.9,12.9,129,23,208,310,1998
"87398500","PM1",6,8.3,2,0.085,168,0.2,1.3,1.3,67,25.5,131,NA,1998
"87398980","PM2",6.7,6,1,0.098,328,0.19,0.76,0.76,73,24.5,111,18,1998
"87398900","PM3",6.9,7.7,1,0.191,192,0.44,1.86,1.86,273,27.6,265,24,1998
"87405500","PM5",6.8,3.3,9,0.844,128,6.74,11.8,11.8,37,28.2,178,86,1998
"87406900","PM6",6.9,0.1,NA,1.09,336,8.15,10.7,10.7,33,27.8,187,102,1998
"87398500","PM1",6.7,2.8,1,0.045,400,0.18,0.88,0.88,44,24.2,93,21,1999
"87398980","PM2",6.6,6.3,1,0.085,18400,0.21,1.07,1.07,175,25,215,70.3,1999
"87398900","PM3",5.8,4.5,1,0.134,80,0.18,1.15,1.15,190,27.2,251,82.1,1999
"87405500","PM5",6.6,0.7,18,1.94,152,17.7,21.6,21.6,45,29.5,276,560,1999
"87406900","PM6",6.7,0.2,19,1.7,248,26,29.1,29.1,39,26.8,260,533,1999
"87398500","PM1",NA,5.6,1,0.045,144,0.17,0.71,0.71,22,24,68,340,1999
"87398980","PM2",6.2,6.1,2,0.118,14400,0.3,1.19,1.19,190,24.5,128,11.3,1999
"87398900","PM3",6.7,5.2,1,0.078,80,0.31,1.13,1.13,95,NA,219,35.6,1999
"87405500","PM5",6.3,1.7,5,0.464,32,5.06,5.56,5.56,48,27.9,172,226,1999
"87406900","PM6",7.2,6.2,11,0.757,72,5.62,7.9,7.9,95,27.2,216,255,1999
"87398500","PM1",5.6,NA,1,0.031,400,0.11,0.65,0.65,NA,25,72,NA,1999
"87398980","PM2",6.3,8.3,1,0.114,400,0.14,1.07,1.07,176,26.1,176,72.6,1999
"87398900","PM3",5.8,4.9,2,0.098,4160,0.24,1.13,1.13,95,29.4,121,71.2,1999
"87405500","PM5",6.6,0.3,17,1.51,240,13.7,15.8,15.8,51,29.3,226,391,1999
"87406900","PM6",6.4,0.5,24,2.13,688,14.3,18.9,18.9,76,30.1,241,434,1999
"87398500","PM1",7.9,6.9,1,0.071,80,0.17,0.89,0.89,31,22.1,90,90.4,1999
"87398980","PM2",5.3,5.1,1,0.124,160,0.2,1.65,1.65,83,20.3,118,73.2,1999
"87398900","PM3",5.3,4.3,2,0.114,80,0.34,1.61,1.61,74,23,124,81.7,1999
"87405500","PM5",5.8,2.9,4,0.281,36.8,1.3,2.77,2.77,68,22.1,134,121.6,1999
"87406900","PM6",5.7,2.3,3,0.311,272,1.71,2.97,2.97,65,22,130,135,1999
"87398500","PM1",6.8,7.3,1,0.045,800,0.1,1.02,1.02,14,20,89,54,1999
"87398980","PM2",6,5.4,1,0.108,160,0.17,1.22,1.22,64,17.4,96,57.2,1999
"87398900","PM3",6.3,7.1,1,0.081,80,0.22,1.4,1.4,65,19.6,109,67.5,1999
"87405500","PM5",6.5,0.3,NA,0.894,128,6.74,8.46,8.46,53,20.9,159,202,1999
"87406900","PM6",6.2,0.3,23,0.687,328,9.84,11.3,11.3,57,21,183,244,1999
"87398500","PM1",6.1,7.3,1,0.078,80,0.15,0.78,0.78,59,13.6,85,67,1999
"87398980","PM2",5.3,9.6,1,0.025,416,0.1,0.61,0.61,32,12.6,52,38.6,1999
"87398900","PM3",5.2,9.7,2,0.068,160,0.16,0.91,0.91,57,12.5,79,43.5,1999
"87405500","PM5",5.3,10.3,2,0.214,8,0.46,1.33,1.33,80,12.9,101,58.6,1999
"87406900","PM6",5.5,10.2,3,0.264,16,0.88,1.62,1.62,88,13,115,74.8,1999
"87398500","PM1",6.9,5.8,1,0.181,168,0.085,1.335,1.335,NA,17.5,195,27,1999
"87398980","PM2",6.4,8.9,1,0.01,160,0.18,0.72,0.72,31,16.4,63,39.8,1999
"87398900","PM3",6.3,7.7,1,0.048,80,0.2,1.07,1.07,37,17.8,70,44.4,1999
"87405500","PM5",6.2,5,3,0.211,32,0.89,1.98,1.98,41,16.7,85,73.8,1999
"87406900","PM6",6.4,4.9,5,0.314,43.2,1.64,2.43,2.43,41,17,91,84.4,1999
"87398500","PM1",6.4,8.9,1,0.085,160,0.1,0.69,0.69,60,12.9,94,82.1,1999
"87398980","PM2",5.9,12.1,1,0.028,200,0.12,0.62,0.62,31,12.2,337,28.8,1999
"87398900","PM3",6.3,7.6,1,0.065,7760,1.13,1.9,1.9,56,14.2,81,35.9,1999
"87405500","PM5",6.4,5.8,2,0.168,472,0.83,1.42,1.42,47,14.8,89,58.4,1999
"87406900","PM6",6.5,5.5,4,0.181,600,1.13,1.64,1.64,47,14.8,93,64.7,1999
"87398500","PM1",7.4,8.3,NA,0.158,80,0.17,1.02,1.02,121,17,164,200,1999
"87398980","PM2",6.2,7.2,1,0.028,320,0.12,0.64,0.64,35,26.8,74,51.1,1999
"87398900","PM3",6.2,5.9,NA,0.085,776,0.22,0.72,0.72,79,19.8,113,58.4,1999
"87405500","PM5",6.3,4.6,3,0.198,10.4,0.79,1.84,1.84,80,19.2,133,88.5,1999
"87406900","PM6",6.3,3.8,1,0.251,38.4,1.13,1.91,1.91,80,19.1,113,95.7,1999
"87398500","PM1",5.5,10.2,1,0.272,400,0.22,2.6,2.6,NA,20,378,NA,1999
"87398980","PM2",6.6,8.2,1,0.037,160,0.13,0.73,0.73,39,18,67,51,1999
"87398900","PM3",6.5,8.6,1,0.089,320,0.13,1.01,1.01,101,19.4,112,57.6,1999
"87405500","PM5",6.3,4.2,4,0.393,57.6,2.65,4.14,4.14,143,19,151,126.2,1999
"87406900","PM6",6.5,2.8,10,0.547,136,3.95,4.8,4.8,146,19,166,152.1,1999
"87398500","PM1",6,10.3,1,0.135,2000,0.91,1.41,1.41,87,18.5,106,68,1999
"87398980","PM2",5.9,9.1,1,0.02,160,0.11,0.75,0.75,44,21.6,65,53,1999
"87398900","PM3",6.3,9.3,1,0.069,80,0.16,0.91,0.91,77,24.5,89,54,1999
"87405500","PM5",6,6.9,3,0.233,40,0.97,1.8,1.8,61,23.8,87,75,1999
"87406900","PM6",6.2,5.5,4,0.374,128,0.91,2.72,2.72,75,23.8,119,85,1999
"87398500","PM1",5.5,7.1,2,0.187,720,0.08,1.6,1.6,153,23.5,150,109,1999
"87398980","PM2",6.8,7.8,1,0.089,9600,0.11,0.91,0.91,77,23.2,96,70.5,1999
"87398900","PM3",6.7,6.3,1,0.102,160,0.13,1.4,1.4,218,26.2,188,72.7,1999
"87405500","PM5",6.2,0.7,NA,1.41,688,1.22,13.22,13.22,75,26.2,168,285,1999
"87406900","PM6",6.1,0.1,NA,1.33,432,1.15,11.75,11.75,75,26.2,168,261,1999
"87398500","PM1",5,3,3,0.305,168,0.13,1.32,1.32,49,28.8,79,78.1,2000
"87398980","PM2",6.2,5.8,1,0.132,472,0.22,0.85,0.85,93,28.1,113,83.8,2000
"87398900","PM3",5.5,2.5,2,0.208,80,0.24,1.33,1.33,152,30.5,173,94.3,2000
"87405500","PM5",7,0.1,NA,2.32,57.6,17.4,20.7,20.7,29,30.9,237,541.9,2000
"87406900","PM6",7,0.1,NA,2.79,408,18.5,21.6,21.6,55,31.9,279,576,2000
"87398500","PM1",5.8,0.8,1,0.146,144,0.23,1.24,1.24,57,23.2,88,84.7,2000
"87398900","PM3",6.5,4.8,1,0.101,72,0.39,1.54,1.54,120,25.6,149,64.4,2000
"87405500","PM5",6.5,0.4,17,NA,296,14,16.2,16.2,41,25.7,234,433,2000
"87406900","PM6",6.5,0.1,23,NA,192,8.68,14.3,14.3,54,26.2,249,440,2000
"87398500","PM1",5.3,2.6,1,0.048,88,0.28,0.78,0.78,28,24.8,72,83.6,2000
"87398980","PM2",5.3,4.9,2,0.189,456,0.3,1.85,1.85,133,24.5,194,80.7,2000
"87398900","PM3",5.5,4.6,2,0.103,16,0.25,1.46,1.46,77,28.3,115,74.9,2000
"87405500","PM5",6.5,0.6,8,0.801,304,5.6,10.4,10.4,55,29.2,146,195.9,2000
"87406900","PM6",5.9,0.2,NA,1.01,576,6.72,8.96,8.96,58,28.9,154,228,2000
"87398500","PM1",7.2,3.8,1,0.121,413.6,0.38,1.03,1.03,60,25.6,97,95.8,2000
"87398980","PM2",5.4,5,1,0.112,246.4,0.21,0.9,0.9,96,22.7,139,77.4,2000
"87398900","PM3",5.9,4.8,1,0.087,60.8,0.19,1,1,76,25.4,138,80.5,2000
"87405500","PM5",6.3,0.3,NA,NA,544,9.52,10.4,18.32,56,25.7,186,266,2000
"87406900","PM6",6.8,0.2,NA,NA,1520,13.4,14.3,14.3,70,25.6,234,348,2000
"87398500","PM1",6.3,3.1,13,0.308,652.8,0.22,3.81,3.81,147,18.4,236,159.5,2000
"87398980","PM2",6.3,4.2,1,0.029,409.6,0.027,0.687,0.687,51,16.9,82,55.8,2000
"87398900","PM3",6.9,6.5,1,0.081,155.2,0.19,0.93,0.93,58,18.9,107,77.7,2000
"87405500","PM5",6.9,0.1,8,0.644,184,5.04,8.4,8.4,55,18.9,151,204,2000
"87406900","PM6",6.9,0.1,26,1.15,1360,7.28,11.2,11.2,59,19.2,194,262,2000
"87398500","PM1",6.9,3.3,6,0.152,1280,0.33,1.87,1.87,67,19.9,131,126.9,2000
"87398980","PM2",6,5.3,1,0.05,240,0.13,0.68,0.68,41,17.1,79,54.8,2000
"87398900","PM3",6,4.3,1,0.179,720,0.2,1.06,1.06,73,18.7,105,67.4,2000
"87405500","PM5",8,2.7,4,1.31,6.4,1.24,2.27,2.27,85,18.8,183,111.5,2000
"87406900","PM6",7.3,2,4,2.74,40,1.75,2.77,2.77,75,23.8,138,129.8,2000
"87398500","PM1",5.5,7.3,2,0.124,1280,0.23,1.21,1.21,116,18.1,136,57,2000
"87398900","PM3",5.8,7.1,1,0.029,400,0.17,0.82,0.82,52,15.3,87,43.8,2000
"87405500","PM5",5.5,6.2,2,0.16,10.4,0.43,1.29,1.29,58,13.8,105,63.2,2000
"87406900","PM6",5.8,6,2,0.179,17.6,0.51,1.43,1.43,61,13.9,110,67.2,2000
"87398500","PM1",6,8.7,1,0.204,176,0.26,1.98,1.98,NA,14.7,310,68.2,2000
"87398980","PM2",6.1,9.5,2,0.121,12800,0.16,0.79,0.79,39,14.8,62,49.3,2000
"87398900","PM3",6,9.8,1,0.056,104,0.14,0.71,0.71,39,16.2,73,54.3,2000
"87405500","PM5",5.8,4.1,11,0.674,12800,3.68,5.14,5.14,48,14.6,112,138.2,2000
"87406900","PM6",5.8,2.6,NA,0.908,12800,6.16,7.84,7.84,49,15.1,111,181.3,2000
"87398500","PM1",6.5,6.5,1,0.139,720,0.18,1.77,1.77,80,18.6,137,9.4,2000
"87398980","PM2",7.3,9.1,1,0.059,184,0.18,0.68,0.68,42,15.2,81,57.2,2000
"87398900","PM3",7.1,9,1,0.072,2400,0.22,0.85,0.85,69,15.6,89,56.8,2000
"87405500","PM5",6.6,4.7,4,0.259,24,1.67,2.66,2.66,66,16.8,127,119.2,2000
"87406900","PM6",6.9,5.1,6,0.287,128,2.19,3.15,3.15,59,17,124,131.1,2000
"87398500","PM1",6.8,7.6,2,0.175,96,0.28,1.35,1.35,191,20.8,203,72.1,2000
"87398980","PM2",6.2,8.2,1,0.047,4,0.14,0.82,0.82,35,17.3,81,49.2,2000
"87398900","PM3",6.2,8.8,1,0.079,1840,0.21,1.05,1.05,62,20.4,97,49.3,2000
"87405500","PM5",6,5,2,0.284,104,0.77,1.59,1.59,64,19.2,116,73.4,2000
"87406900","PM6",6,3.4,2,0.291,136,0.91,2.65,2.65,66,19.3,134,98.4,2000
"87398500","PM1",6.6,4.9,2,0.863,272,0.5,3,3,NA,20.5,380,118.1,2000
"87398980","PM2",5.9,6.2,1,0.114,640,0.29,1.07,1.07,107,21,128,55.4,2000
"87398900","PM3",6.5,7.2,1,0.137,640,0.32,1.24,1.24,109,26.6,122,50.7,2000
"87405500","PM5",6.3,4.9,6,0.534,13.6,2.24,3.51,3.51,136,23.2,247,112.4,2000
"87406900","PM6",6.5,2.2,7,0.47,192,2.4,3.83,3.83,164,22.8,219,124.2,2000
"87398500","PM1",7,7,2,0.142,1200,0.56,1.92,1.92,97,22,111,90,2000
"87398980","PM2",6.2,6.4,1,0.153,25600,0.13,0.63,0.63,50,22.1,98,46.4,2000
"87398900","PM3",6.2,5.8,2,0.201,1920,0.19,1.34,1.34,92,29,117,47.2,2000
"87405500","PM5",6.3,3.8,3,0.249,19.2,1.05,2,2,86,24.3,162,73.4,2000
"87406900","PM6",6.4,2.4,4,0.201,54.4,1.39,2.2,2.2,80,24.4,199,86.4,2000
"87398500","PM1",6.2,6.4,2,0.137,216,0.37,1.66,1.66,76,29.5,120,90,2001
"87398980","PM2",6.3,4.4,1,0.095,208,0.19,0.99,0.99,136,26,96,72.5,2001
"87398900","PM3",6.8,5.5,1,0.179,80,0.33,1.3,1.3,119,29.3,117,65.9,2001
"87405500","PM5",5.8,2.5,7,0.944,288,4.76,6.72,6.72,81,31.4,133,184.4,2001
"87406900","PM6",6.2,1.9,NA,1.21,880,6.72,18.52,18.52,73,29.2,127,225,2001
"87398900","PM3",6.7,4.3,5,0.643,19.2,2.77,4.68,4.68,65,26.7,114,58.7,2001
"87398500","PM1",6.8,3.1,1,0.025,160,0.13,0.63,0.63,9,25.3,38,65.8,2001
"87398980","PM2",7.1,3,1,0.079,80,0.32,1.11,1.11,34,25.5,81,62,2001
"87406900","PM6",6.5,2.3,2,0.156,8,0.29,1.26,1.26,96,27,93,115.7,2001
"87398500","PM1",6.5,3.5,NA,0.387,208,0.39,1.22,1.22,71,29.1,103,77.5,2001
"87398980","PM2",6.3,4.7,2,0.143,584,0.22,0.79,0.79,81,26.2,85,47.1,2001
"87398900","PM3",6.2,3.7,1,0.185,800,0.37,1.28,1.28,90,29.2,104,51.2,2001
"87405500","PM5",5.9,0.9,3,0.828,104,6.07,11.6,11.6,71,30.3,130,115.1,2001
"87406900","PM6",5.8,0.1,NA,NA,19.2,6.35,12.4,12.4,69,29.2,152,188.5,2001
"87398500","PM1",6.4,3.1,2,0.422,560,0.24,0.74,0.74,120,26.2,160,84,2001
"87398980","PM2",6.2,5.4,1,0.124,8800,0.21,0.71,0.71,36,22.7,60,47.3,2001
"87398900","PM3",6.1,5,3,0.198,80,0.1,0.6,0.6,39,28,84,51.7,2001
"87405500","PM5",6.2,3.1,4,0.956,16,1.08,2.5,2.5,75,24.6,101,80.9,2001
"87406900","PM6",6.3,2.3,3,1.19,56,1.68,3.39,3.39,81,24.4,111,92.5,2001
"87398500","PM1",6.5,5.9,1,0.153,581.6,0.37,0.88,0.88,71,16.8,126,78.3,2001
"87398980","PM2",5.8,5,1,0.067,24,0.052,0.552,0.552,24,15.8,62,42.4,2001
"87398900","PM3",5.5,6.8,1,0.54,45.6,0.4,0.9,0.9,39,15.9,75,45.6,2001
"87405500","PM5",5.2,4.2,2,0.14,8,0.57,1.47,1.47,35,16.4,87,68.5,2001
"87406900","PM6",5.5,3.2,4,0.457,23.2,0.25,1.82,1.82,40,16.8,89,94,2001
"87398500","PM1",6.3,3.4,1,0.131,232,0.25,1.52,1.52,75,19.7,112,92.3,2001
"87398980","PM2",6.1,4.6,1,1,88.8,0.1,0.6,0.6,33,18,48,55.7,2001
"87398900","PM3",6,2.6,1,0.076,104.8,0.19,0.84,0.84,59,22.4,62,52.9,2001
"87405500","PM5",6.8,0.5,4,0.711,36.8,0.55,3.25,3.25,53,20,78,104.2,2001
"87406900","PM6",7.3,0.1,8,0.668,152,0.25,4.63,4.63,56,20.3,88,142.1,2001
"87398500","PM1",6.5,5,1,0.188,240,0.3,0.91,0.91,53,19.5,112,87.9,2001
"87398980","PM2",6,5.8,1,0.079,413.6,0.091,0.981,0.981,76,16,58,48.3,2001
"87398900","PM3",6.5,5.5,1,0.099,2080,0.073,0.713,0.713,41,18.3,75,46.3,2001
"87405500","PM5",5.9,3.7,8,0.591,152,1.3,3.3,3.3,341,17.5,341,108.6,2001
"87406900","PM6",5.8,2.2,8,0.967,208,0.93,1.43,1.43,284,17.3,259,118.4,2001
"87398500","PM1",6.6,3.2,1,0.322,256,0.29,0.83,0.83,72,22.8,102,NA,2001
"87398980","PM2",6,6.1,1,0.092,88,0.085,0.585,0.585,28,15.7,51,39.8,2001
"87398900","PM3",6.1,5,1,0.188,160,0.36,0.86,0.86,51,18.9,66,39.8,2001
"87405500","PM5",6.2,3.1,2,0.941,32,0.57,1.07,1.07,48,18.1,68,67.9,2001
"87406900","PM6",6,2.2,4,1.27,56,0.27,0.77,0.77,46,18.2,77,81.2,2001
"87398500","PM1",6.6,6.7,1,0.166,1520,0.6,1.1,1.1,111,16.4,172,76.2,2001
"87398980","PM2",6.9,7.9,3,0.108,96,0.15,0.68,0.68,35,13.3,55,48.3,2001
"87398900","PM3",6.9,6.7,1,0.108,390.4,0.54,1.73,1.73,97,18,122,51.9,2001
"87405500","PM5",6.7,3,5,1.36,48,0.86,2.04,2.04,77,19.8,72,103,2001
"87406900","PM6",6.5,1.9,8,1.31,68.8,0.97,2.59,2.59,71,19.9,120,123.9,2001
"87398500","PM1",6.9,1.9,1,0.156,720,0.44,NA,23.24,NA,27,412,71.7,2001
"87398980","PM2",6.5,2.8,1,0.08,80,0.13,0.64,0.64,43,21.5,70,50.4,2001
"87398900","PM3",6,4,1,0.156,132.8,0.29,0.99,0.99,69,22.6,86,48.5,2001
"87405500","PM5",6.8,2.5,3,0.156,24,1.39,2.1,2.1,70,22.7,120,78.8,2001
"87406900","PM6",6.7,2,3,0.462,57.6,0.86,2.1,2.1,66,22.5,103,86.2,2001
"87398500","PM1",6.4,6.8,3,0.204,80,0.27,2.45,2.45,156,33.4,191,91.1,2001
"87398980","PM2",NA,2.7,2,0.077,246.4,0.21,1.17,1.17,54,23.4,115,85.1,2001
"87398900","PM3",6.8,2.7,1,0.116,184,0.28,1.53,1.53,72,27.3,167,76.2,2001
"87405500","PM5",6.6,0.2,5,0.316,192,5.62,7.02,7.02,80,26.6,142,180.9,2001
"87406900","PM6",6.7,0.1,16,0.386,784,8.71,10.4,10.4,77,25.8,252,229,2001
"87398500","PM1",5.9,8,1,NA,78.4,0.23,0.73,0.73,72,25,94,NA,2001
"87398980","PM2",6.4,4.5,1,0.035,217.6,0.074,0.584,0.584,31,23,51,46.5,2001
"87398900","PM3",6.6,4.3,1,0.077,413.6,0.056,0.876,0.876,61,25,81,47.2,2001
"87405500","PM5",6.5,2.1,2,0.191,13.6,0.61,1.67,1.67,82,25.4,81,75.7,2001
"87406900","PM6",6.3,1.9,6,0.198,17.6,0.25,1.55,1.55,95,25.1,99,83.7,2001
"87398500","PM1",6.3,3.5,4,0.156,348,0.23,NA,11.93,72,26,NA,55.7,2002
"87398980","PM2",6.9,2.6,NA,0.128,105.6,0.066,1.016,1.016,114,24.9,124,13.6,2002
"87398900","PM3",6.8,1.9,NA,0.159,20.8,0.39,1.75,1.75,173,27.7,158,12.4,2002
"87405500","PM5",7,0.3,NA,1.01,408,5.9,8.15,8.15,76,28,173,46.5,2002
"87406900","PM6",7,0,NA,1.4,328,8.43,NA,39.13,64,29,175,56,2002
"87398500","PM1",6.6,5.6,1,0.048,59.2,0.18,0.18,0.18,26,27.2,64,71.2,2002
"87398980","PM2",6.3,2.2,1,0.087,224,0.19,0.19,0.19,69,25.2,83,45.8,2002
"87398900","PM3",6.3,2.8,2,0.091,33.6,0.48,0.48,0.48,67,29,87,43.9,2002
"87405500","PM5",6.3,0.8,3,0.584,31.2,3.02,3.02,3.02,54,27.8,106,159.6,2002
"87406900","PM6",6.3,0.7,5,0.598,16,3.37,3.37,3.37,46,29,113,178.9,2002
"87398500","PM1",6.3,7.2,1,0.133,148.8,0.53,NA,5.53,30,26,68,NA,2002
"87398980","PM2",6,4.1,1,0.081,142.4,0.14,1.19,1.19,74,25.8,84,58.4,2002
"87398900","PM3",6,4.5,NA,0.136,109.6,0.44,1.71,1.71,78,28.8,99,53.5,2002
"87405500","PM5",7.1,0.6,4,0.559,74.4,5.64,7.61,7.61,60,28.7,155,172.5,2002
"87406900","PM6",6.9,0,6,0.807,192,7.61,10.7,10.7,67,29.3,160,196.2,2002
"87398500","PM1",5.7,4,1,0.107,21.6,0.16,0.8,0.8,28,19.5,78,NA,2002
"87398980","PM2",6.5,3.3,1,0.589,124,0.11,0.65,0.65,45,21,75,9.4,2002
"87398900","PM3",6.5,3,1,0.11,108,0.19,1.04,1.04,64,22.8,96,13.7,2002
"87405500","PM5",6.8,1.1,4,0.406,72.8,2.66,3.96,3.96,58,23.3,146,32.2,2002
"87406900","PM6",6.8,0.5,8,0.709,19.2,4.72,10.2,10.2,47,24.5,144,35,2002
"87398500","PM1",6.5,1.9,NA,0.637,136,0.15,0.94,0.94,66,20,130,158.8,2002
"87398900","PM3",6.6,3.2,1,0.068,720,0.16,1.17,1.17,50,19.5,81,77,2002
"87405500","PM5",6.5,1.8,3,0.208,12800,1.68,3.15,3.15,63,19.9,125,176,2002
"87406900","PM6",6.6,1.3,5,0.442,12800,2.74,3.99,3.99,69,20,132,224,2002
"87398500","PM1",6.5,10.9,1,0.157,208,0.18,0.97,0.97,51,19.1,116,99.7,2002
"87398980","PM2",6,2.8,1,0.052,152,0.14,0.64,0.64,25,18.5,60,72,2002
"87398900","PM3",5.5,2.6,1,0.062,1920,0.18,0.9,0.9,54,19,90,80,2002
"87405500","PM5",7,1.9,2,0.255,16,1.04,1.77,1.77,50,19,110,135,2002
"87406900","PM6",6.7,2,5,0.311,23.2,1.3,2.4,2.4,49,19,111,148,2002
"87398500","PM1",NA,6.8,1,0.137,27200,0.15,0.89,0.89,61,16,125,77.7,2002
"87398900","PM3",6.4,2.6,1,0.032,1920,0.15,0.74,0.74,49,17.5,78,44,2002
"87405500","PM5",6.4,3.2,2,0.157,18.4,0.69,1.47,1.47,46,17,77,77.9,2002
"87406900","PM6",6.3,2.9,3,0.334,74.4,1.24,2.27,2.27,46,17,86,91.7,2002
"87398500","PM1",6.9,7.1,1,0.111,12000,0.16,2.26,2.26,84,14,89,41.2,2002
"87398980","PM2",6.4,6.8,1,0.039,128,0.044,0.544,0.544,37,14.2,54,33,2002
"87398900","PM3",6.5,4,1,0.104,336,0.056,0.586,0.586,49,14.5,62,31,2002
"87405500","PM5",6.4,3.5,2,0.104,32800,0.038,0.968,0.968,52,14.2,76,47.9,2002
"87406900","PM6",6.8,3.4,1,0.111,28800,0.035,0.975,0.975,54,14,87,49.3,2002
"87398500","PM1",5.5,9.8,1,0.065,68.8,0.25,1.02,1.02,65,12,85,54.9,2002
"87398980","PM2",6.5,8.2,NA,NA,104,NA,NA,NA,NA,NA,NA,NA,2002
"87398900","PM3",6.6,6.6,1,0.051,48,0.12,0.8,0.8,47,16,70,42.9,2002
"87405500","PM5",6.6,6.2,2,0.173,11.2,0.79,1.55,1.55,45,14.6,80,73,2002
"87406900","PM6",6.6,5.3,3,0.29,36,1.52,2.4,2.4,56,14.7,107,82.2,2002
"87398500","PM1",6.2,7.3,2,0.186,27200,0.21,1.26,1.26,83,19,140,87.2,2002
"87398900","PM3",6.6,3.9,1,0.111,1280,0.25,0.98,0.98,96,22,129,44,2002
"87405500","PM5",6.7,10.9,NA,NA,472,NA,NA,NA,NA,NA,NA,NA,2002
"87406900","PM6",6.6,10.9,NA,NA,136,NA,NA,NA,NA,NA,NA,NA,2002
"87398500","PM1",5.6,5.3,2,0.103,NA,0.27,1.48,1.48,235,22,216,61.7,2002
"87398980","PM2",6.7,1.7,1,0.058,NA,0.2,NA,5.2,38,19,52,39.4,2002
"87398900","PM3",6.4,2.3,1,0.094,NA,0.22,NA,7.92,99,21,108,40.6,2002
"87405500","PM5",6.1,1.1,2,0.188,NA,0.57,NA,5.57,69,20,106,61.1,2002
"87406900","PM6",6.1,1.1,3,0.305,NA,1.24,NA,8.64,65,20,108,86.4,2002
"87398500","PM1",6.5,4.6,2,0.145,581.6,0.25,1.43,1.43,105,22.6,124,66.6,2002
"87398980","PM2",6.1,3.3,1,0.119,168,0.25,0.79,0.79,50,22,70,45.4,2002
"87398900","PM3",NA,5.3,NA,NA,NA,NA,NA,NA,NA,NA,NA,NA,2002
"87405500","PM5",6.4,2.5,NA,NA,17600,NA,NA,NA,NA,NA,NA,NA,2002
"87406900","PM6",6.4,2.1,4,0.373,78.4,1.44,2.48,2.48,90,23,125,101.8,2002
"87398500","PM1",7.4,4.4,1,0.06,170,0.16,NA,0.78,46,16,101,87.2,2003
"87398980","PM2",NA,6,1,0.02,170,0.1,NA,0.68,24,17.5,74,46,2003
"87398900","PM3",NA,6.1,1,0.044,NA,0.15,NA,1.56,42,17.9,80,47.7,2003
"87405500","PM5",NA,5,2,0.308,10000,0.95,NA,1.59,45,16.1,98,77.9,2003
"87406900","PM6",NA,5.3,3,0.245,32000,1.46,NA,2.1,45,16.1,99,83.5,2003
"87398500","PM1",6.8,9.9,1,0.113,90,0.25,NA,0.79,46,12,99,111.2,2003
"87398980","PM2",NA,NA,1,0.017,280,0.14,NA,NA,24,12,57,35.2,2003
"87398900","PM3",NA,NA,1,0.047,130,0.52,NA,NA,45,13.1,73,43.1,2003
"87405500","PM5",NA,NA,3,0.335,700,2.12,NA,2.92,43,15,96,91.3,2003
"87406900","PM6",NA,NA,NA,0.784,1300,5.73,NA,7.64,50,15,144,180.9,2003
"87398500","PM1",6.5,3.8,1,0.123,900,0.15,NA,0.64,40,20,96,108.9,2003
"87398900","PM3",7,12,1,0.113,70,0.15,NA,0.78,53,20.3,80,52.5,2003
"87405500","PM5",6,4,5,0.378,9000,2.62,NA,3.66,57,19.6,125,144,2003
"87406900","PM6",6,1.4,8,0.599,1600,4.31,NA,5.33,53,19.6,137,208,2003
"87398500","PM1",NA,4.7,3,0.269,400,0.14,NA,1.96,244,20.8,238,74.7,2003
"87398980","PM2",7,6.5,1,0.06,400,0.17,NA,0.74,38,21,67,50.9,2003
"87398900","PM3",6.7,6.8,3,0.197,NA,0.27,NA,1.79,NA,26.3,289,55.5,2003
"87405500","PM5",6.9,2,2,0.386,1280,2.34,NA,3.26,104,21.6,168,126.8,2003
"87406900","PM6",6.7,1.1,5,0.513,12800,2.91,NA,4.72,93,21.6,167,148.9,2003
"87398500","PM1",6.8,3,1,0.122,240,0.14,NA,1.18,79,23.6,127,87.5,2003
"87398980","PM2",NA,5,3,0.05,NA,0.12,NA,0.84,39,23.7,78,11.7,2003
"87398900","PM3",NA,5.2,1,0.132,NA,0.15,NA,1.11,67,26.4,97,11.1,2003
"87405500","PM5",NA,3.1,3,0.283,NA,0.95,NA,2.28,69,25.2,122,17,2003
"87406900","PM6",NA,2.5,4,0.393,NA,2.35,NA,3.77,69,25,132,23.1,2003
"87398500","PM1",NA,1.1,2,0.16,NA,1.22,NA,3,97,25.1,130,20.9,2003
"87398980","PM2",6.4,4.1,2,0.118,NA,0.13,NA,1.08,87,25,95,14.9,2003
"87398900","PM3",6.1,5.7,1,0.153,NA,0.4,NA,0.94,108,28,127,13.5,2003
"87405500","PM5",6.2,2.1,3,0.338,NA,2.09,NA,3.69,123,27,522,24.5,2003
"87406900","PM6",6.1,1.4,2,0.554,NA,2.69,NA,4.5,97,27,156,28.6,2003
"87405500","PM5",6.6,NA,NA,NA,NA,NA,NA,NA,NA,NA,NA,NA,2003
"87398500","PM1",6.3,2.2,2,0.112,130,0.22,NA,1.19,68,25.4,77,91.5,2004
"87398980","PM2",NA,5.2,1,0.088,200,0.11,NA,0.96,74,27,101,13,2004
"87398900","PM3",NA,6.7,1,0.091,60,0.25,NA,1.13,87,30,111,11.3,2004
"87405500","PM5",NA,4.6,4,0.461,9000,3.29,NA,NA,68,30,141,24.3,2004
"87406900","PM6",NA,2.1,6,0.636,140000,3.78,NA,5.06,54,33,123,28.3,2004
"87398500","PM1",6.4,7.2,1,0.105,200,0.2,NA,0.88,28,22,70,60.3,2004
"87398980","PM2",NA,7,1,0.052,250,0.23,NA,NA,70,25,69,10.5,2004
"87398900","PM3",NA,5.9,1,0.088,44,0.28,NA,1.3,73,27,98,11,2004
"87405500","PM5",NA,2.6,3,0.386,11000,2.9,NA,4.14,66,28,146,24.6,2004
"87406900","PM6",NA,1.1,6,0.641,63000,4.55,NA,5.26,63,29,149,30,2004
"87398500","PM1",5.9,7.2,1,0.045,172,0.12,NA,1,36,25,74,111.3,2004
"87398980","PM2",7.2,8.2,1,0.038,290,0.1,NA,0.69,69,23.7,96,52.5,2004
"87398900","PM3",6.7,6.3,1,0.082,866,0.38,NA,1.26,106,27.2,105,49.2,2004
"87405500","PM5",8.2,2.8,NA,1.31,49000,13.6,NA,17.2,39,26.8,239,369,2004
"87406900","PM6",7.4,0.8,9,2.27,410000,16.6,NA,19.4,48,26.4,670,444,2004
"87398500","PM1",NA,2,1,0.055,125,0.17,NA,0.9,23,24,79,21.3,2004
"87398980","PM2",NA,3,1,0.071,285,0.16,NA,0.78,92,25.3,84,54.1,2004
"87398900","PM3",NA,3.2,1,0.096,69,0.35,NA,1.24,118,25.7,112,56.4,2004
"87405500","PM5",NA,2,14,1.98,120000,14.4,NA,16.6,42,26.5,187,389,2004
"87406900","PM6",NA,1,20,2.29,430000,16.2,NA,19.7,53,26.7,178,424,2004
"87398500","PM1",6.8,6,2,0.104,148,0.17,NA,0.9,45,18.4,80,80,2004
"87398900","PM3",6.3,6.4,3,0.083,219,0.18,NA,1.01,57,19.7,88,69.4,2004
"87405500","PM5",6.1,3.5,7,0.345,7400,1.35,NA,2.22,75,19.6,122,107.4,2004
"87406900","PM6",6.2,2.8,10,0.442,29000,1.88,NA,2.8,74,19.5,165,123.9,2004
"87398500","PM1",6.6,5.6,1,0.077,117,0.24,NA,0.81,33,14.6,76,86.3,2004
"87398980","PM2",NA,6.3,1,0.053,86,0.17,NA,0.7,38,14.2,49,43.8,2004
"87398900","PM3",NA,5.9,1,0.044,57,0.19,NA,0.83,45,16,89,55.6,2004
"87405500","PM5",NA,4.6,6,0.249,11000,1.96,NA,2.8,47,15.2,85,99.3,2004
"87406900","PM6",NA,3.4,4,0.36,42000,2.63,NA,3.4,47,15.4,95,116.7,2004
"87398500","PM1",6.6,5.4,2,0.137,138,0.46,NA,NA,56,13.5,76,87.4,2004
"87398980","PM2",NA,7.6,1,0.045,238,0.17,NA,0.71,36,13.2,72,49.2,2004
"87398900","PM3",NA,6.8,1,0.082,488,0.2,NA,1.36,74,14.6,115,55.6,2004
"87405500","PM5",NA,5,4,0.33,12000,1.54,NA,2.62,68,16.1,160,99.3,2004
"87406900","PM6",NA,4,5,0.324,33000,2.48,NA,3.21,62,16,137,113.6,2004
"87398500","PM1",6.9,4.7,3,0.1,613,0.18,NA,0.94,55,15,79,71,2004
"87398980","PM2",7.5,NA,1,0.032,88,0.12,NA,NA,26,12,62,41.7,2004
"87398900","PM3",6.2,NA,1,0.085,304,0.18,NA,1.01,90,14,118,47,2004
"87405500","PM5",6.6,NA,3,0.16,7000,0.93,NA,1.96,64,16,119,79,2004
"87406900","PM6",7.2,NA,4,0.26,23000,1.37,NA,2.36,63,15,109,92,2004
"87398500","PM1",6.6,4.2,3,0.137,548,0.21,NA,0.93,51,23.8,84,75.5,2004
"87398980","PM2",6.8,5,1,0.054,291,0.32,NA,0.83,44,20,81,50.7,2004
"87398900","PM3",7.2,6.2,NA,0.118,91,0.21,NA,1.33,149,23,166,61.8,2004
"87405500","PM5",6.8,1.2,8,0.663,2300,4.54,NA,5.6,62,21,177,163.2,2004
"87406900","PM6",6.7,1.1,7,0.764,74000,4.66,NA,5.88,83,22,129,164.7,2004
"87398500","PM1",6.8,3.9,1,NA,NA,0.16,NA,0.96,78,20.2,104,70,2004
"87398980","PM2",6.2,6.7,1,NA,NA,0.12,NA,0.83,37,20,67,49.7,2004
"87398900","PM3",6.5,5.9,1,NA,NA,0.21,NA,1.83,297,22.3,252,51.9,2004
"87405500","PM5",6.6,2.3,4,NA,NA,1.53,NA,3.1,121,22,162,93.7,2004
"87406900","PM6",6.6,1.8,4,NA,NA,2.15,NA,3.92,112,22,159,108,2004
"87398500","PM1",5.3,4.2,3,NA,4100,0.43,NA,2.81,428,21.7,273,68.4,2004
"87398900","PM3",6.4,5.5,1,NA,238,0.22,NA,1.34,160,24.2,178,46.7,2004
"87405500","PM5",6.6,1.3,1,NA,65000,1.82,NA,3.1,119,23.7,180,103.7,2004
"87406900","PM6",6.8,0.3,2,NA,140000,2.95,NA,4.57,125,23.9,191,124,2004
"87398500","PM1",6,3.9,2,0.191,70,0.39,NA,1.98,174,25,183,82.3,2004
"87398980","PM2",6.6,3.5,2,0.096,152,0.16,NA,1.35,85,22,115,114.5,2004
"87398900","PM3",6.9,4.2,1,0.242,201,0.31,NA,2.24,247,24,192,110.7,2004
"87405500","PM5",6.9,1,5,0.699,24000,4.02,NA,5.2,139,24,204,195.6,2004
"87406900","PM6",6.9,0.5,NA,0.868,370000,4.91,NA,6.16,138,24,224,220,2004
"87398500","PM1",6.1,6.6,2,0.076,91,0.31,NA,1.6,36,25.6,102,126.3,2005
"87398980","PM2",6.5,6.6,2,0.053,730,0.27,NA,1.18,133,26.5,137,78.2,2005
"87398900","PM3",6.6,4,4,0.198,326,0.57,NA,1.87,138,30,185,31.4,2005
"87405500","PM5",8.2,14.2,NA,1.6,2400,15.1,NA,17.6,42,30.8,269,109,2005
"87406900","PM6",7.5,5.6,NA,2.16,2400,15.4,NA,21.3,51,31,290,125.2,2005
"87398500","PM1",6,0.4,1,0.083,50,0.32,NA,1.66,42,24.4,107,19.9,2005
"87398980","PM2",6.7,1.2,1,0.086,550,0.34,NA,1.53,176,23.4,228,26.3,2005
"87398900","PM3",6,2,2,0.262,59,0.66,NA,2.34,213,25,204,32.8,2005
"87405500","PM5",7,3.5,9,1.54,7000,16.92,NA,20.02,36,23.3,322,128.8,2005
"87406900","PM6",7,1.3,17,3.49,380000,18.61,NA,23.12,60,23.3,289,119.9,2005
"87398500","PM1",6.3,3.4,3,NA,60,0.54,NA,1.29,31,30.5,92,90.4,2005
"87398980","PM2",7.2,7.3,1,NA,580,0.32,NA,1.31,104,26,128,60.3,2005
"87398900","PM3",7.2,4.6,1,NA,122,0.3,NA,1.59,130,25,184,135.6,2005
"87405500","PM5",8.3,12.8,9,NA,490,18,NA,21.7,36,32.5,332,679,2005
"87406900","PM6",8.6,16,28,NA,90000,19.4,NA,25.1,61,34.5,311,619,2005
"87398500","PM1",6.5,4.2,1,0.157,NA,0.13,NA,NA,44,25.2,118,133.2,2005
"87398980","PM2",6,3.2,1,0.161,NA,0.14,NA,1.7,107,22.6,142,73.3,2005
"87398900","PM3",7.1,5.4,1,0.14,NA,0.18,NA,1.66,72,24.5,136,105.9,2005
"87405500","PM5",7.1,1.2,8,0.479,NA,3.9,NA,NA,67,23.8,163,160.4,2005
"87406900","PM6",6.8,0.5,1,0.499,NA,3.52,NA,4.22,60,23.6,169,177.4,2005
"87398500","PM1",7.9,5.8,1,0.171,199,0.25,NA,0.91,31,19.1,122,164.1,2005
"87398900","PM3",6.9,7.2,1,0.117,2400,0.28,NA,1.1,83,19.5,147,91.1,2005
"87405500","PM5",7.2,1.6,7,0.655,2400,4.79,NA,6.49,64,20,209,224,2005
"87406900","PM6",7.1,1.2,6,0.641,80000,5.07,NA,5.92,49,20,193,240,2005
"87398500","PM1",7.5,6.8,1,0.045,91,0.17,NA,0.89,26,17.8,91,120,2005
"87398980","PM2",7,9,1,0.012,488,0.13,NA,0.64,26,14.3,68,50,2005
"87398900","PM3",7,9.9,1,0.031,130,0.15,NA,0.66,41,15.5,86,61.6,2005
"87398950","PM4",7,NA,1,0.045,NA,NA,1.76,1.76,42,13.6,70,71.1,2005
"87405500","PM5",6.9,5.4,7,0.58,2400,4.19,NA,5.17,41,16.3,125,160.6,2005
"87406900","PM6",6.9,2.3,19,1.08,470000,6.2,NA,8.74,49,18.6,165,276,2005
"87409900","PM7",6.9,1.6,9,1.07,NA,NA,8.46,8.46,54,17.9,185,235,2005
"87398500","PM1",6.4,5.6,1,0.106,120,0.16,NA,1,61,15.2,77,48.7,2005
"87398980","PM2",6.5,5.4,1,0.053,130,0.06,NA,0.71,39,15.1,71,46.2,2005
"87398900","PM3",6.8,4.8,1,0.103,115,0.2,NA,1.03,70,15.5,99,48.2,2005
"87398950","PM4",6.5,5.1,1,0.116,921,0.22,NA,NA,53,15.1,93,54.1,2005
"87405500","PM5",6.5,4,2,0.267,1200,0.48,NA,1.52,79,15.5,133,61.1,2005
"87406900","PM6",6.4,3.8,NA,0.413,30000,1.01,NA,2.3,95,15.5,165,73.1,2005
"87409900","PM7",5.8,3.5,4,0.413,2400,0.78,2.24,2.24,97,15.5,157,70.8,2005
"87398500","PM1",7.2,NA,2,0.122,1700,0.11,NA,1.04,69,18.5,96,11.9,2005
"87398980","PM2",7.1,6.1,1,0.06,214,0.12,NA,0.71,37,19,67,53.8,2005
"87398900","PM3",7.5,6.8,2,0.142,980,0.17,NA,1.36,149,20,173,60,2005
"87398950","PM4",7.3,6.5,1,0.116,1700,NA,1.23,1.23,97,20.5,127,69.6,2005
"87405500","PM5",6.7,3.3,3,0.274,13000,1.12,NA,2.48,76,21.5,154,111.1,2005
"87406900","PM6",6.7,3.5,4,0.304,20000,1.39,NA,2.72,70,22,141,134.1,2005
"87409900","PM7",7.3,3.2,1,0.317,36000,NA,3.35,3.35,60,21.5,139,156.2,2005
"87398500","PM1",6.2,3.5,2,0.086,150,0.21,NA,0.98,41,25.6,101,95,2006
"87398980","PM2",6.4,6.2,1,0.099,488,0.14,NA,0.72,91,24.6,121,74,2006
"87398900","PM3",6.9,5.7,2,0.198,39,0.35,NA,1.72,192,27.3,217,100,2006
"87398950","PM4",7.2,2.9,2,0.195,1560,NA,1.57,1.57,39,25.9,110,115,2006
"87405500","PM5",7.3,6.5,11,0.663,19000,7.3,NA,12.38,41,27,245,386,2006
"87406900","PM6",NA,3.1,NA,1.42,2400,12,NA,17.46,49,27.3,290,474,2006
"87409900","PM7",7.6,10.6,NA,1.15,70,NA,12.8,12.8,44,29.3,243,378,2006
"87398500","PM1",6.9,3.3,1,0.062,135,0.16,NA,1.3,40,24.1,97,106.6,2006
"87398980","PM2",6.9,6.5,NA,0.157,228,0.42,NA,2.24,144,24.5,192,78.5,2006
"87398900","PM3",7.2,5.8,1,0.097,11,0.19,NA,1.29,83,26.7,137,74.3,2006
"87398950","PM4",7,2.6,5,0.2,20,NA,1.52,1.52,54,26.8,131,101.9,2006
"87405500","PM5",8.2,8.1,NA,1,1733,10.4,NA,15.9,46,31,246,354,2006
"87406900","PM6",7.5,2.2,NA,1.5,435,12.9,NA,15.8,39,28.1,250,435,2006
"87409900","PM7",8.4,7.9,NA,1.48,2419,NA,15.2,15.2,66,30.9,271,390,2006
"87398500","PM1",6.7,3.8,2,0.175,276,0.17,NA,0.84,64,14.7,141,121.5,2006
"87398980","PM2",6.7,4.5,2,0.068,150,0.25,NA,NA,46,14.7,93,65.4,2006
"87398900","PM3",6.7,4.6,1,0.113,214,0.2,NA,0.76,57,17.2,120,86.4,2006
"87398950","PM4",6.8,4.1,NA,0.207,1120,NA,1.35,1.35,44,16.6,117,103,2006
"87405500","PM5",7,0.7,11,0.54,1046,8.74,NA,11.8,32,17.8,210,349,2006
"87406900","PM6",6.9,0.5,17,1.58,980,11.3,NA,14.4,41,18.3,221,375,2006
"87409900","PM7",6.8,0.7,8,0.836,1046,NA,8.46,8.46,40,18.7,196,281,2006
"87398500","PM1",7.1,5.1,1,0.593,NA,NA,NA,NA,52,16.1,118,125,2006
"87398980","PM2",7.2,5.4,1,0.033,NA,0.044,NA,0.914,40,15.9,77,68.1,2006
"87398900","PM3",7.3,5.6,1,0.075,NA,0.03,NA,1,44,17.7,91,75.2,2006
"87398950","PM4",7.4,4.8,1,0.126,NA,NA,1.09,1.09,47,18.1,98,88.2,2006
"87405500","PM5",7.2,1.9,7,0.448,NA,2.51,NA,4.26,46,17.3,122,162.3,2006
"87406900","PM6",7.2,1.1,8,1.03,NA,4.11,NA,6.69,56,17.5,139,190,2006
"87409900","PM7",7.2,NA,10,0.896,NA,NA,6.97,6.97,90,17.6,185,211,2006
"87405500","PM5",6.5,1.1,4,0.368,NA,2.07,NA,3.49,53,18.6,134,154.4,2006
"87406900","PM6",6.7,NA,7,0.419,NA,3.06,NA,4.03,47,19.1,144,172.5,2006
"87409900","PM7",7,0.3,6,0.503,NA,NA,4.81,4.81,44,19.4,156,202,2006
"87398500","PM1",7.5,4.9,1,0.136,NA,0.22,NA,1.11,55,18,117,102.2,2006
"87398980","PM2",6.9,5.6,1,0.017,NA,0.07,NA,0.91,52,16,80,60.3,2006
"87398900","PM3",7.3,5.8,1,0.088,NA,0.3,NA,1.14,78,18,128,60.2,2006
"87398950","PM4",7.4,5.4,1,0.107,NA,NA,1.17,1.17,64,18.1,123,69.4,2006
"87405500","PM5",6.9,1.4,13,1.06,690,4.87,NA,8.96,NA,22.4,233,368,2006
"87406900","PM6",6.9,1.1,15,1.13,73000,9.58,NA,13,45,22.3,226,403,2006
"87409900","PM7",6.5,0.3,15,1.19,19000,NA,15.8,15.8,102,24,303,454,2006
"87398500","PM1",6.6,4,1,0.094,53,0.228,NA,1,70,19.4,118,105.5,2006
"87398980","PM2",6.9,8.5,2,0.081,480,0.307,NA,1.327,74,20,111,103.2,2006
"87398900","PM3",6.5,6.7,3,0.458,150,0.352,NA,2.512,460,23.4,489,117.9,2006
"87398950","PM4",6.4,2.9,3,0.188,510,NA,1.98,1.98,260,23,301,134.2,2006
"87405500","PM5",6.7,1.3,6,0.548,2400,3.23,NA,6.18,66,32,181,171.4,2007
"87406900","PM6",6.7,1.1,7,0.657,1120,4.65,NA,6.18,57,32,175,187.4,2007
"87409900","PM7",6.8,2.3,7,0.625,2400,NA,5.56,5.56,51,33,171,210,2007
"87398500","PM1",6.5,1.7,5,NA,290,0.155,NA,0.987,116,28,136,152.9,2007
"87398980","PM2",6.5,3.3,3,0.043,308,0.031,NA,NA,100,29,136,72.9,2007
"87398900","PM3",6.6,3.3,2,0.097,29,NA,NA,NA,96,32,136,75.9,2007
"87398950","PM4",6.6,1.7,1,0.171,960,NA,1.34,1.52,76,32,133,84.2,2007
"87405500","PM5",6.7,0.3,4,0.541,81000,2.38,NA,NA,84,27.9,186,103,2007
"87406900","PM6",6.8,0.4,8,0.877,24000,NA,NA,NA,74,28.8,171,102.8,2007
"87409900","PM7",6.9,0.3,12,0.958,190000,NA,NA,NA,121,29.1,599,153,2007
"87398500","PM1",7.2,7.2,5,0.192,70,NA,NA,NA,59,26.2,123,61.8,2007
"87398980","PM2",7.4,5.8,2,0.151,230,NA,NA,NA,98,26.5,160,48.6,2007
"87398900","PM3",6.8,4.6,2,0.093,52,NA,NA,NA,93,26,152,50.7,2007
"87398950","PM4",6.6,4.8,2,0.178,520,NA,NA,NA,68,28,124,53.8,2007
"87405500","PM5",6.5,5.5,1,0.148,14000,0.43,NA,1.52,35,12,98,72.2,2007
"87406900","PM6",6.4,5.6,1,0.175,15000,0.729,NA,1.939,35,12,102,78.5,2007
"87409900","PM7",6.8,5.7,2,0.416,46000,NA,2.76,2.76,45,12,121,92.3,2007
"87398500","PM1",7.1,6.5,1,0.076,109,0.196,NA,NA,NA,10,90,75,2007
"87398980","PM2",7,6.2,1,NA,90,0.08,NA,NA,NA,11,77,37.3,2007
"87398900","PM3",7.1,8.5,1,0.029,110,0.14,NA,0.68,NA,14.5,82,48.3,2007
"87398950","PM4",7,6.3,2,0.066,280,NA,0.57,0.57,NA,13,82,52.1,2007
"87405500","PM5",6.5,2.2,5,0.185,4.7,0.498,NA,1.3,NA,13,102,77.5,2007
"87406900","PM6",6.5,1.8,3,0.28,13,1.21,NA,2,NA,13,93,83.7,2007
"87409900","PM7",6.5,3.7,3,0.205,NA,NA,1.62,1.62,NA,14,100,91,2007
"87398500","PM1",7,6.8,1,0.049,52,0.031,NA,0.728,NA,10.5,93,64.2,2007
"87398980","PM2",7.5,6.6,1,NA,24,NA,NA,NA,NA,10.5,67,41.1,2007
"87398900","PM3",7.2,5.5,1,0.015,30,NA,NA,NA,NA,13,84,32.4,2007
"87398950","PM4",7.4,6.2,1,0.046,810,NA,NA,NA,NA,13,91,39.8,2007
"87406900","PM6",7.1,9.5,1,0.09,NA,NA,NA,NA,NA,13.2,88,64.3,2007
"87405500","PM5",6.9,5.8,7,0.046,2400,0.6,NA,1.27,NA,18,115,83,2007
"87406900","PM6",NA,5.9,3,0.056,12000,0.827,NA,NA,NA,18,119,77.5,2007
"87409900","PM7",NA,5.9,3,0.043,29000,NA,1.73,2.13,NA,18,119,114.2,2007
"87398500","PM1",7.3,5.6,1,0.161,91,0.177,NA,NA,NA,16.7,85,81,2007
"87398980","PM2",7.4,7.8,1,0.053,162,0.551,NA,NA,NA,17.6,53,53.2,2007
"87398900","PM3",6.8,6.8,1,0.043,114,0.159,NA,NA,NA,24.1,82,52.1,2007
"87398950","PM4",7.6,7.3,1,0.036,150,NA,0.978,1.378,NA,22.2,80,59.9,2007
"87405500","PM5",6.6,3,2.3,0.317,8800,0.711,NA,1.31,61,21.5,107,70.8,2007
"87406900","PM6",6.6,2.7,4,0.517,140000,1.8,NA,NA,65,21.9,124,90.5,2007
"87409900","PM7",6.7,2.3,4,0.043,54000,NA,NA,NA,60,22.7,99,89.7,2007
"87398500","PM1",6.7,3.7,1.1,0.138,88,NA,NA,NA,44,19.2,66,57.2,2007
"87398980","PM2",6.9,6.2,1,0.131,86,NA,NA,NA,35,19.5,71,45.4,2007
"87398900","PM3",6.7,6,2,0.07,100,0.061,NA,0.763,93,22,113,47.6,2007
"87398950","PM4",6.8,5.9,1.2,0.161,400,NA,NA,NA,80,22.6,103,52.6,2007
"87405500","PM5",6.6,1.4,5,0.772,96000,6.76,NA,NA,43,29.9,161,260,2008
"87406900","PM6",6.5,1.2,10,0.952,170000,8.82,NA,NA,44,29.6,195,350,2008
"87409900","PM7",6.5,1.3,8,0.999,110000,NA,NA,NA,45,28.7,199,380,2008
"87398500","PM1",6.7,4.9,3,0.131,308,0.435,NA,NA,53,28,120,112.1,2008
"87398980","PM2",6.2,6,2,0.076,1900,0.091,NA,NA,93,29,115,66.2,2008
"87398900","PM3",6.4,4.4,3,0.165,120,0.293,NA,NA,237,31.8,311,78,2008
"87398950","PM4",6.6,5.2,2,0.31,400,NA,NA,NA,132,31.2,164,97.1,2008
"87405500","PM5",7,3.1,2,0.506,7600,0.778,NA,NA,80,17.1,142,105,2008
"87406900","PM6",7,3.4,NA,0.599,20000,0.883,NA,NA,85,17.1,157,116,2008
"87409900","PM7",7,2.9,4,0.326,24000,NA,NA,NA,83,17.3,161,177,2008
"87398900","PM3",6.9,7.2,2,0.164,2600,0.183,NA,NA,84,14.7,127,79.4,2008
"87398950","PM4",6.7,5.4,3,0.142,1300,NA,NA,NA,67,15.5,126,88.9,2008
"87405500","PM5",6.8,3.8,2,0.335,12000,3.03,NA,NA,69,15.3,143,96.5,2008
"87406900","PM6",6.9,3.8,4,0.338,28000,1.17,NA,NA,52,15.2,132,110.8,2008
"87409900","PM7",7,3.4,4,0.325,36000,NA,NA,NA,53,15.5,126,118.1,2008
"87398500","PM1",6.8,NA,1,0.19,NA,0.11,NA,NA,38,15,79,82.9,2008
"87398900","PM3",6.8,5.7,1,0.074,1200,NA,NA,NA,61,15.7,68,57.1,2008
"87398950","PM4",6.7,5.9,1,0.11,1200,NA,NA,NA,53,15.5,106,62.5,2008
"87405500","PM5",7,6.6,1,0.129,NA,0.19,NA,NA,69,16.4,52,44.9,2008
"87406900","PM6",7,6.3,2,0.18,NA,0.367,NA,NA,68,16.5,50,52.1,2008
"87409900","PM7",7,6.5,2,0.084,NA,NA,NA,NA,70,16.6,56,56.1,2008
"87398500","PM1",7,8.7,1,0.084,NA,0.073,NA,NA,59,14.7,66,40.1,2008
"87398980","PM2",7,9.2,1,0.052,NA,0.024,NA,NA,41,13.7,45,32.9,2008
"87398900","PM3",7,9.1,1,0.058,NA,0.055,NA,NA,87,16.5,72,36.9,2008
"87398950","PM4",7,8.9,1,0.126,NA,NA,NA,NA,43,15.7,46,47.8,2008
"87405500","PM5",6,NA,5,1.34,35000,4.78,NA,NA,114,23.6,167,181.2,2008
"87406900","PM6",6,NA,5,1.91,NA,5.27,NA,NA,114,24,190,209,2008
"87409900","PM7",6,NA,9,1.16,240000,NA,NA,NA,105,25.6,203,237,2008
"87398500","PM1",6,NA,1,0.293,120,0.128,NA,NA,46,23.7,64,70.3,2008
"87398980","PM2",6,NA,1,0.155,180,0.104,NA,NA,165,22.9,95,73.8,2008
"87398900","PM3",6,NA,1,0.27,280,0.509,NA,NA,475,25.5,383,73.5,2008
"87398950","PM4",6,NA,1,0.367,310,NA,NA,NA,280,24.9,269,80.9,2008
"87398500","PM1",7.4,3.7,1,0.068,79,NA,NA,NA,30,27.5,66,61,2009
"87398980","PM2",7.2,2.8,1,0.058,220,NA,NA,NA,70,26.5,92,72,2009
"87398900","PM3",7.5,3.4,1,0.074,1300,NA,NA,NA,51,27.2,75,94,2009
"87398950","PM4",7.5,2.8,1,0.119,920,NA,NA,NA,63,26,98,160,2009
"87405500","PM5",6.5,2.2,5,0.351,12000,NA,NA,NA,59,27,102,107,2009
"87406900","PM6",6.5,1.3,6,0.338,52000,NA,NA,NA,55,27,131,137,2009
"87409900","PM7",6.5,1.2,6,0.351,55000,NA,NA,NA,53,27,131,142,2009
"87398500","PM1",NA,2.6,1,0.135,1000,0.078,NA,0.981,43,20.6,80,93.6,2009
"87398980","PM2",NA,6.1,5,0.065,870,0.043,0.96,0.96,59,20.9,80,60.9,2009
"87398900","PM3",NA,6.7,2,0.09,770,0.044,0.921,0.958,58,25,82,91.6,2009
"87398950","PM4",NA,2.8,4,0.328,5500,NA,NA,NA,44,21.1,119,133.5,2009
"87405500","PM5",6.7,1.6,11,0.757,490000,9.31,16.2,16.2,60,20.5,137,325,2009
"87406900","PM6",6.7,2.1,19,0.68,650000,10.2,10.9,10.9,81,20.4,132,292,2009
"87409900","PM7",6.9,1.6,15,1.57,460000,16.6,21.5,21.5,45,20.6,163,425,2009
"87398500","PM1",NA,5.7,1,0.119,116,NA,NA,NA,NA,19,122,152,2009
"87398980","PM2",NA,8.7,1,0.103,130,NA,NA,NA,NA,16,52,48,2009
"87398900","PM3",NA,8.4,1,0.222,290,NA,NA,NA,NA,17,92,70,2009
"87398950","PM4",NA,7.7,1,0.21,520,NA,NA,NA,NA,14,98,87,2009
"87405500","PM5",NA,2.3,8,0.663,310000,NA,NA,NA,NA,14,131,199,2009
"87406900","PM6",NA,0.7,17,1.1,98000,NA,NA,NA,NA,13.8,129,370,2009
"87409900","PM7",NA,0.4,11,0.924,140000,NA,NA,NA,NA,14.5,176,260,2009
"87398900","PM3",NA,NA,2,0.189,2400,0.034,NA,NA,NA,18,95,NA,2009
"87398950","PM4",NA,NA,2,0.182,700,0.224,NA,NA,NA,18,117,NA,2009
"87405500","PM5",6.1,8.3,2,0.251,1000,0.296,NA,NA,NA,17.4,113,64.3,2009
"87406900","PM6",6.2,10.3,1,0.467,1100,0.492,NA,NA,NA,17.4,118,66.4,2009
"87409900","PM7",6.3,9.8,2,0.217,9000,0.649,NA,NA,NA,17.4,106,77.1,2009
"87398500","PM1",NA,NA,2,0.11,74,0.231,NA,NA,NA,27,83,NA,2009
"87398980","PM2",NA,NA,1,0.157,83,0.226,NA,NA,NA,28,58,NA,2009
"87398900","PM3",NA,NA,2,0.19,240,0.178,NA,NA,NA,27,91,NA,2009
"87398950","PM4",NA,NA,2,0.247,1120,0.342,NA,NA,NA,25,88,NA,2009
"87405500","PM5",NA,NA,1,0.141,100,0.347,NA,NA,NA,26,98,NA,2009
"87406900","PM6",NA,NA,2,0.17,1400,0.459,NA,NA,NA,27,71,NA,2009
"87409900","PM7",NA,NA,2,0.194,23000,0.453,NA,NA,NA,26,71,NA,2009
"87398500","PM1",7,NA,2,0.104,112,1.05,NA,1.75,NA,27,94,NA,2010
"87398980","PM2",NA,NA,1,0.051,208,0.293,NA,3.753,NA,25,109,NA,2010
"87398900","PM3",6.5,NA,1,0.107,160,0.212,NA,1.342,NA,28.5,80,NA,2010
"87398950","PM4",NA,NA,1,0.29,720,0.329,NA,1.759,NA,27,103,NA,2010
"87405500","PM5",6.5,1,4,0.356,NA,2.78,NA,3.45,NA,26.4,143,115.5,2010
"87406900","PM6",6.6,0.6,4,0.622,48800,0.155,NA,NA,NA,27,152,136.5,2010
"87409900","PM7",6.4,0.5,5,0.787,16,5.11,NA,6.99,NA,27.8,154,166.5,2010
"87398500","PM1",6.5,NA,1,0.041,NA,0.159,NA,0.822,NA,25,28,NA,2010
"87398980","PM2",6.5,NA,1,0.021,128,0.146,NA,0.714,NA,23,40,NA,2010
"87398900","PM3",7,NA,1,0.071,24,0.202,NA,NA,NA,25,48,NA,2010
"87398950","PM4",6.5,NA,2,0.14,152,0.197,NA,NA,NA,25,65,NA,2010
"87405500","PM5",6.7,3.7,3,0.549,28800,1.54,NA,3.29,NA,24.3,62,99.7,2010
"87406900","PM6",7,1.8,4,0.741,61600,3.01,NA,3.91,NA,24.9,70,130.7,2010
"87409900","PM7",6.5,0,5,0.622,51200,3.63,NA,NA,NA,25.7,64,120.7,2010
"87398500","PM1",6.7,6.8,1,0.107,260,0.148,NA,0.992,NA,19.6,93,133.9,2010
"87398980","PM2",6.3,7.5,1,0.134,190,0.092,NA,NA,NA,20.6,61,53.6,2010
"87398900","PM3",6.4,6.6,1,0.104,580,NA,NA,NA,NA,24.9,42,62,2010
"87398950","PM4",6.5,6.1,1,0.2,1120,0.371,NA,NA,NA,21.2,107,67.8,2010
"87405500","PM5",6.7,4.8,3,0.655,NA,3.95,NA,4.49,NA,18.4,56,154,2010
"87406900","PM6",6.7,2.4,3,0.887,NA,5.91,NA,7.03,NA,18.7,82,187.5,2010
"87409900","PM7",6.5,2.1,7,0.787,NA,5.34,NA,7.25,NA,18.6,56,192.7,2010
"87405500","PM5",6.4,NA,2,0.25,90000,0.629,NA,1.51,NA,17.2,48,73.9,2010
"87406900","PM6",6.5,NA,3,0.313,18000,1.25,NA,1.8,NA,17.4,109,80.3,2010
"87409900","PM7",6.5,NA,3,0.326,35000,1.3,NA,2.12,NA,17.5,109,85.3,2010
"87398500","PM1",NA,NA,1,NA,NA,0.344,NA,NA,76,20,133,NA,2010
"87398900","PM3",NA,NA,2,NA,NA,0.342,NA,1.06,118,19,157,NA,2010
"87398950","PM4",NA,NA,2,NA,NA,0.413,NA,1.38,90,19,158,NA,2010
"87405500","PM5",NA,NA,2,NA,NA,0.39,NA,1.43,NA,18,113,NA,2010
"87406900","PM6",NA,NA,2,NA,NA,0.666,NA,1.32,NA,18,128,NA,2010
"87409900","PM7",NA,NA,6,NA,NA,0.78,NA,1.87,NA,18,114,NA,2010
"87398500","PM1",NA,NA,2,0.134,88,NA,NA,NA,45,25,89,NA,2010
"87398980","PM2",NA,NA,1,0.096,100,0.101,NA,NA,100,28,115,NA,2010
"87398900","PM3",NA,NA,1,0.646,70,0.288,NA,1.778,360,25,408,NA,2010
"87398950","PM4",NA,NA,1,0.485,450,0.044,NA,1.794,330,21,318,NA,2010
"87405500","PM5",6.4,NA,13,1.12,33000,3.27,NA,7.72,161,22.7,219,183.2,2010
"87406900","PM6",6.4,NA,9,1.36,110000,0.03,NA,10.23,145,22.6,243,225,2010
"87409900","PM7",6.5,NA,10,1.49,173000,3.75,NA,20.65,151,23,245,242,2010
"87405500","PM5",6.2,1.7,5,0.77,73000,0.17,NA,NA,51,29.6,177,234,2011
"87406900","PM6",6.5,4,7,0.726,150000,9.9,NA,NA,39,29.7,183,254,2011
"87409900","PM7",6.5,3.4,12,0.63,150000,0.15,NA,NA,47,29.3,100,265,2011
"87398500","PM1",6.3,6.6,3,0.085,690,0.08,NA,1.11,68,26.3,93,94.1,2011
"87398980","PM2",7.2,6.1,1,0.064,2400,0.06,NA,NA,86,24.9,98,65.3,2011
"87398900","PM3",7.2,5.6,2,0.169,116,0.29,NA,0.956,112,27.4,147,86.7,2011
"87398950","PM4",6.7,3.6,3,0.256,590,0.59,NA,1.43,89,25.9,150,127.4,2011
"87398500","PM1",NA,2.8,1,0.381,90,0.09,NA,NA,30,25,91,NA,2011
"87398980","PM2",NA,5.2,1,0.58,115,0.03,NA,NA,63,23,86,NA,2011
"87398900","PM3",NA,5.7,1,0.444,16,0.11,NA,0.69,72,25.5,109,NA,2011
"87398950","PM4",NA,4.4,1,3.11,180,0.2,NA,NA,60,24,95,NA,2011
"87405500","PM5",6.5,5.8,1,0.185,9100,0.62,NA,NA,42,19.5,108,78,2011
"87406900","PM6",6.5,5.1,13,0.259,26100,0.78,NA,NA,45,19.5,101,82.4,2011
"87409900","PM7",6.5,5.8,2,0.224,27500,0.94,NA,NA,42,19.6,97,86,2011
"87398500","PM1",6.9,6.2,1,0.127,120,0.07,NA,NA,29,16.7,96,115.1,2011
"87398980","PM2",6.6,8.7,1,0.043,110,0.1,NA,NA,22,16.2,58,59.7,2011
"87398900","PM3",7.3,8,1,0.141,52,0.04,NA,NA,39,17.3,76,62.8,2011
"87398950","PM4",6.5,7.2,1,0.075,460,0.11,NA,NA,37,17.8,79,69.7,2011
"87405500","PM5",NA,9.8,2,0.151,9000,NA,NA,NA,32,10,87,NA,2011
"87406900","PM6",NA,9.1,6,0.304,86600,2.2,NA,NA,36,10,106,NA,2011
"87409900","PM7",NA,8.1,7,0.238,43500,1.66,NA,NA,35,10,103,NA,2011
"87398500","PM1",NA,NA,1,0.123,260,NA,NA,NA,42,15,83,NA,2011
"87398900","PM3",NA,NA,1,0.075,410,NA,NA,NA,68,15.5,92,NA,2011
"87398950","PM4",NA,NA,2,0.186,1555,0.05,NA,2.7,53,16,101,NA,2011
"87405500","PM5",6.5,4,2,0.179,13000,0.82,NA,NA,63,16.3,100,80.3,2011
"87406900","PM6",6.4,3.8,3,0.089,23600,1.18,NA,NA,64,16.7,104,88.2,2011
"87409900","PM7",6.5,3.6,4,0.203,55000,0.58,NA,2.05,59,17.1,118,99.4,2011
"87398500","PM1",7.3,5.6,3,0.287,410,0.11,NA,0.9,85,14,97,NA,2011
"87398980","PM2",6.8,7.6,1,0.061,138,0.06,NA,NA,40,18.5,62,NA,2011
"87398900","PM3",6.7,5,1,0.137,184,0.06,NA,0.94,109,19,123,NA,2011
"87398950","PM4",6.8,5.4,1,0.127,160,0.16,NA,NA,72,19,95,NA,2011
"87409900","PM7",6.6,0.32,NA,NA,NA,NA,NA,NA,NA,21,NA,249,2011
"87405500","PM5",6.5,3.1,4,0.358,7700,0.77,NA,2.2,67,20.5,110,75.6,2011
"87406900","PM6",6.4,2.8,4,0.301,34500,1.47,NA,4.85,69,20.8,117,95.9,2011
"87409900","PM7",6.5,2.2,4,0.371,45000,1.48,NA,6.05,68,20.6,115,101.9,2011
"87398500","PM1",NA,NA,1,0.12,290,0.1,NA,1.57,39,22.5,76,NA,2011
"87398980","PM2",NA,NA,1,0.019,140,0.06,NA,1.42,39,25,69,NA,2011
"87398900","PM3",NA,NA,1,0.12,10,0.17,NA,1.4,93,26,127,NA,2011
"87398950","PM4",NA,NA,1,0.165,390,0.24,NA,0.88,105,25,145,NA,2011
"87405500","PM5",6.4,5,11,0.677,198600,9.12,NA,NA,76,24.5,187,270.5,2012
"87406900","PM6",6.4,2.5,15,1.26,249000,21.2,NA,25,54,24.2,219,354.5,2012
"87409900","PM7",6.7,6,14,1.7,325000,18.8,NA,36,45,23.9,251,498.4,2012
"87398500","PM1",6.6,7.2,1,0.113,727,0.06,NA,1.08,43,25,92,68.2,2012
"87398980","PM2",7.2,5.6,1,0.109,460,NA,NA,NA,108,23,109,62.7,2012
"87398900","PM3",7.4,6.1,1,NA,580,0.32,NA,4.25,236,26,308,56,2012
"87398950","PM4",6.8,6.4,3,0.336,2420,0.53,NA,2.8,51,24,107,83.3,2012
"87405500","PM5",6.5,1.3,3,NA,23000,1.59,NA,2.116,41,26.8,83,121.2,2012
"87406900","PM6",6.4,0.13,4,NA,1e+05,2.13,NA,9.5,36,27.2,90,152.2,2012
"87409900","PM7",6.5,0.7,3,0.509,5000,2.32,NA,7.2,38,28.5,105,160.7,2012
"87398500","PM1",6.4,6.4,1,0.061,200,0.2,NA,0.86,34,26.3,61,69.1,2012
"87398980","PM2",6.4,13.1,1,0.061,190,0.02,NA,0.98,54,25.6,55,53.9,2012
"87398900","PM3",6.6,13.8,1,0.064,50,0.03,NA,0.095,61,28,104,60.9,2012
"87398950","PM4",6.8,10.5,2,0.148,500,0.1,NA,1,54,27.5,93,69.07,2012
"87405500","PM5",6.7,0.2,7,NA,99000,2.26,NA,21.96,48,19.9,107,218,2012
"87406900","PM6",6.5,0.1,11,NA,161000,8.76,NA,23.96,48,19.8,158,257,2012
"87409900","PM7",6.9,0.1,9,NA,198600,8.32,NA,23.52,47,20,151,290,2012
"87398500","PM1",7.2,6.8,1,NA,150,0.05,NA,1.33,19,19.5,62,69.2,2012
"87398980","PM2",6.6,5.8,1,NA,235,0.03,NA,1.17,43,21.5,90,51.7,2012
"87398900","PM3",6.7,6.8,1,NA,55,0.05,NA,NA,73,25,77,54.5,2012
"87398950","PM4",6.4,5.2,2,NA,1990,0.18,NA,3.04,73,24.5,104,65.4,2012
"87405500","PM5",6.7,4.5,4,NA,24800,0.98,NA,1.58,41,14.6,86,133,2012
"87406900","PM6",6.8,4.2,2,NA,20000,1.33,NA,7.8,42,14.8,50,142.2,2012
"87409900","PM7",6.6,3.5,5,NA,83680,2.02,NA,6.15,60,16.4,105,174,2012
"87398500","PM1",7.2,NA,1,NA,144,0.1,NA,NA,25,16.3,63,103.5,2012
"87398980","PM2",7.1,NA,1,NA,80,0.1,NA,1.35,26,16.7,74,55.3,2012
"87398900","PM3",6.9,NA,1,NA,148,NA,NA,NA,42,17.7,51,61.3,2012
"87398950","PM4",7,NA,1,NA,256,0.12,NA,9.5,41,17.7,45,69,2012
"87405500","PM5",6.5,2.5,5,NA,27000,2.1,NA,3.9,68,19.5,159,166.2,2012
"87406900","PM6",6.4,1.5,6,NA,1200000,2.9,NA,6.7,64,19.7,163,187.6,2012
"87409900","PM7",6.4,0.3,6,NA,35000,2.5,NA,14.4,61,19.7,171,202,2012
"87398500","PM1",7,NA,2,NA,2420,0.1,NA,2.56,43,22,72,NA,2012
"87398980","PM2",7,NA,1,NA,205,0.2,NA,1.92,34,16.7,94,NA,2012
"87398900","PM3",7,NA,5,NA,236,0.1,NA,2.74,61,20.3,132,NA,2012
"87398950","PM4",7,NA,2,NA,250,0.2,NA,3.52,65,20.5,128,NA,2012
"87398500","PM1",6.9,NA,2,NA,460,0.08,NA,0.71,44,23,90,98.3,2012
"87398980","PM2",7,NA,1,NA,190,0.05,NA,1.22,84,23,101,78.9,2012
"87398900","PM3",7,NA,1,NA,30,0.2,NA,1.58,299,29,291,78.6,2012
"87398950","PM4",6.8,NA,1,NA,613,0.4,NA,2.06,230,24.5,221,84,2012
"87405500","PM5",7,NA,6,NA,1400000,8.3,NA,8.6,131,26.3,195,200.5,2012
"87406900","PM6",7.1,NA,10,NA,3400000,9.1,NA,9.9,122,27.2,246,238.6,2012
"87409900","PM7",7.2,NA,8,NA,240000,8.9,NA,9.1,123,25.4,240,249.7,2012
"87398500","PM1",6.5,3.3,3,NA,91,0.1,NA,1.11,33,23,69,0.01,2013
"87398980","PM2",6,8.1,1,NA,172,0.06,NA,1.8,NA,22.5,NA,60.5,2013
"87398900","PM3",6.4,8.2,1,NA,161,0.1,NA,1.27,46,24.5,89,58.3,2013
"87398950","PM4",6.4,7.2,2,NA,820,0.1,NA,1.91,51,27,117,70.9,2013
"87405500","PM5",6.3,NA,4,NA,50000,1,NA,1.16,56,25.8,95,114,2013
"87406900","PM6",6.4,NA,7,NA,12000,0.9,NA,1.37,54,26,116,131.2,2013
"87409900","PM7",6.2,NA,3,NA,28000,1.4,NA,1.49,48,26.6,103,154.9,2013
"87405500","PM5",6.8,1.8,15,NA,649000,6.6,NA,8,56,24,170,241.7,2013
"87406900","PM6",6.5,1.9,7,NA,150000,4.8,NA,6.5,47,25,136,216.2,2013
"87409900","PM7",6.8,1.8,12,NA,345000,3.9,NA,7.5,36,25.7,140,248.2,2013
"87398500","PM1",6.4,5.7,1,NA,451,0.07,NA,1.03,33,20.9,98,71.3,2013
"87398900","PM3",6.5,7.1,1,NA,60,0.1,NA,0.72,57,24,87,46.6,2013
"87398950","PM4",6.4,4.8,2,NA,9800,0.4,NA,1.26,39,23.5,113,71.2,2013
"87405500","PM5",6.8,NA,9,0.803,70000,5.5,NA,7,37,21.1,153,NA,2013
"87406900","PM6",6.8,NA,11,0.964,131000,5.2,NA,7.55,34,21.2,166,NA,2013
"87409900","PM7",6.9,NA,18,1.01,190000,6,NA,8.35,28,21.2,145,NA,2013
"87398500","PM1",6.5,4,1,NA,350,NA,NA,NA,42,18.4,101,99.8,2013
"87398980","PM2",6.6,7.3,1,0.032,440,NA,NA,NA,35,19.2,63,46.4,2013
"87398900","PM3",6.6,7.5,1,0.057,249,NA,NA,NA,46,20.9,75,61.3,2013
"87398950","PM4",6.7,7.4,1,NA,600,0.02,NA,1.07,30,20.2,100,77.7,2013
"87398500","PM1",6.4,12.4,3,0.18,250,0.03,NA,1.13,62,13,67,88.8,2013
"87398900","PM3",6.2,12.3,1,0.06,272,0.08,NA,0.66,44,12.5,41,56.66,2013
"87398950","PM4",6.1,11.9,1,0.07,231,0.05,NA,0.85,35,16.5,67,64.67,2013
"87405500","PM5",5.9,NA,4,0.223,4884,0.05,NA,1.56,41,11.9,90,86.2,2013
"87406900","PM6",5.8,NA,3,0.253,22600,0.03,NA,1.54,44,12.4,115,90.9,2013
"87409900","PM7",6,NA,2,0.232,8600,0.04,NA,1.59,40,12.4,75,91.2,2013
"87405500","PM5",5.8,2.9,2,0.013,632,0.3,NA,1.12,53,16.2,83,47,2013
"87406900","PM6",6,2.5,3,0.409,26400,0.6,NA,1.46,49,16.6,107,77.3,2013
"87409900","PM7",6.1,2.4,2,0.213,6320,0.4,NA,1.29,49,15.7,85,65.7,2013
"87398900","PM3",6.5,9.8,2,0.331,736,NA,NA,NA,83,13.8,115,48.9,2013
"87398950","PM4",6.5,8.5,2,0.17,736,NA,NA,NA,65,13.6,86,55.5,2013
"87398500","PM1",6.6,6.6,2,0.192,488,NA,NA,NA,80,15.6,97,56.7,2013
"87405500","PM5",6.7,0.5,NA,NA,77010,7.28,NA,NA,NA,29.2,NA,286,2014
"87406900","PM6",7.3,2.3,NA,NA,88400,6.16,NA,NA,NA,30.2,NA,347.7,2014
"87409900","PM7",7,4.5,NA,NA,20100,5.88,NA,NA,NA,30.8,NA,285.4,2014
"87398900","PM3",6.7,5.8,NA,NA,24.3,NA,NA,NA,NA,29,NA,50.9,2014
"87398950","PM4",6.6,3.1,NA,NA,461.1,NA,NA,NA,NA,29.9,NA,93.6,2014
"87406900","PM6",6.3,2.4,NA,NA,57940,NA,NA,NA,32,17.6,122,152.4,2014
"87409900","PM7",6.3,0.6,NA,NA,29090,NA,NA,NA,41,17.9,127,158.7,2014
"87405500","PM5",6.44,2.01,3,0.252,7270,0.774,NA,NA,NA,21.23,NA,74.3,2015
"87406900","PM6",6.42,2.09,2,0.221,1440,0.774,NA,NA,NA,21.16,NA,70,2015
"87409900","PM7",6.5,1.64,4,0.281,6330,1.211,NA,NA,NA,21.48,NA,85.3,2015
"87398500","PM1",6.52,3.37,1,0.249,155.3,0.163,NA,NA,NA,21.9,NA,71.9,2015
"87398980","PM2",6.29,3.37,1,0.106,119.8,0.121,NA,NA,NA,20.9,NA,44.5,2015
"87398900","PM3",6.28,3.52,2,0.122,32.7,0.198,NA,NA,NA,22.7,NA,45.1,2015
"87398950","PM4",6.25,2.7,3,0.145,115.3,0.337,NA,NA,NA,22.5,NA,50,2015
"87398500","PM1",6.42,5.27,1,0.176,90.6,0.31,NA,NA,28,16.9,NA,83.3,2016
"87398980","PM2",5.98,5.44,2,0.109,40.8,NA,NA,NA,11,16.32,NA,54,2016
"87398900","PM3",5.97,5.96,1,0.122,56.5,0.232,NA,NA,16,15.56,NA,50.7,2016
"87398950","PM4",6.2,5.4,1,0.152,107.6,NA,NA,NA,16,15.8,NA,55.4,2016
"87405500","PM5",6.29,5.27,1,0.142,1789,0.322,NA,NA,20,15.8,NA,64.4,2016
"87406900","PM6",6.28,5.21,1,0.189,NA,0.521,NA,NA,21,15.83,NA,74.1,2016
"87409900","PM7",6.21,5.09,1,0.226,NA,0.617,NA,NA,23,15.91,NA,78.5,2016
"87398500","PM1",6.61,4.61,2,0.166,488.4,NA,1.03,1.03,22,21.61,NA,79.1,2016
"87398980","PM2",6.34,5.52,1,0.167,1413.6,NA,0.971,0.971,20,18.68,NA,52.1,2016
"87398900","PM3",7.1,5.9,1,0.13,85.5,NA,1,1,22,20.3,NA,57.2,2016
"87398950","PM4",6.68,5.03,2,0.169,NA,NA,1.34,1.34,29,19.47,NA,74.7,2016
"87405500","PM5",6.8,2.44,7,0.289,19863,1.6,2.59,2.59,43,18.52,NA,141.6,2016
"87406900","PM6",6.83,1.5,10,0.312,NA,2.05,3.04,3.04,52,18.55,NA,156.2,2016
"87409900","PM7",6.81,1.02,6,0.367,NA,2.71,4.21,4.21,24,19.25,NA,166.8,2016
"87398500","PM1",6.37,3.11,7,0.264,816.4,0.198,1.19,1.19,10.9,25,NA,107.9,2016
"87398980","PM2",6.37,6.1,2,0.207,727,0.334,0.643,0.643,19.2,23.3,NA,73,2016
"87398900","PM3",6.44,4.88,2,0.408,79.4,0.245,0.827,0.827,73.6,26.7,NA,79.7,2016
"87398950","PM4",6.63,3.9,2,0.346,272,0.678,1.05,1.05,45,24.22,NA,93.5,2016
"87405500","PM5",6.86,0.25,11,0.721,NA,4.4,4.4,4.4,26,24.67,NA,219.1,2016
"87406900","PM6",6.88,0.29,15,0.81,NA,5.69,6.91,6.91,23,24.5,NA,235.6,2016
"87409900","PM7",6.82,0.13,12,1.03,NA,6.21,8.16,8.16,24,25.22,NA,244.7,2016
"87398500","PM1",5.83,2.43,1,0.078,235.9,0.164,2.23,2.23,10.5,27.2,NA,60.5,2017
"87398980","PM2",5.8,3.77,1,0.1,272.3,0.147,0.216,0.216,35,26.03,NA,53.2,2017
"87398900","PM3",6.16,4.49,1,0.147,71.7,0.257,1.03,1.03,40.1,27.88,NA,66.1,2017
"87398950","PM4",6.02,3.42,1,0.17,197,0.379,1.13,1.13,34.8,28.29,NA,64.9,2017
"87405500","PM5",6.61,0.75,4,0.343,8860,2.11,3.04,3.04,26.3,27.26,NA,126.1,2017
"87406900","PM6",6.88,0.63,4,0.384,13170,2.23,5.15,5.15,21.2,28.14,NA,137.1,2017
"87409900","PM7",6.24,0.94,3,0.434,47860,2.78,7.06,7.06,17.8,27.96,NA,154.3,2017
"87398500","PM1",6.45,5.03,2,0.165,213,0.21,0.222,0.222,13.3,19.09,NA,50.8,2017
"87398900","PM3",6.21,6.92,2,0.131,612,NA,NA,NA,21,18.41,NA,39.7,2017
"87398950","PM4",6.11,5.12,2,0.129,206,0.183,0.612,0.612,23.4,18.51,NA,40.9,2017
"87405500","PM5",6.3,3.29,3,0.348,2930,0.478,3.24,3.24,30.6,18.56,NA,60.7,2017
"87406900","PM6",6.32,3.1,3,0.302,3100,0.74,3.33,3.33,29.7,18.66,NA,62.7,2017
"87409900","PM7",6.44,2.91,4,0.269,2000,0.815,1.11,1.11,22.5,19,NA,74.8,2017
"87398500","PM1",6.15,3.9,3,0.181,325.5,NA,0.708,NA,81.3,20.55,NA,56,2017
"87398980","PM2",6.29,6.18,2,0.068,128.1,NA,NA,NA,19,18.26,NA,49,2017
"87398900","PM3",6.36,5.91,1,0.096,98,NA,2.67,2.67,81.3,21.6,NA,61,2017
"87398950","PM4",6.28,4.26,1,0.156,211,NA,NA,NA,77.2,20.99,NA,71,2017
"87405500","PM5",6.43,0.92,4,0.431,11910,2.41,5.69,5.69,38.9,21.62,NA,137,2017
"87406900","PM6",6.55,0.15,6,0.444,13500,3.11,7.59,7.59,44,21.84,NA,153,2017
"87409900","PM7",6.61,0.7,6,0.71,34500,4,6.68,6.68,181.88,20.8,NA,171,2017
"87398500","PM1",6.01,4.41,2,0.16,133.3,0.092,NA,NA,21.18,26.12,NA,59.2,2017
"87398950","PM4",6.39,4.78,2,0.295,NA,0.286,NA,NA,71.63,21.4,NA,65.9,2017
"87409900","PM7",6.62,1.24,3,0.316,5650,1.64,NA,NA,33.08,24.37,NA,155.2,2017
"87398980","PM2",6.06,5.41,2,0.14,1203.3,0.247,NA,NA,21.26,22.25,NA,43.2,2017
"87398900","PM3",6.42,6.7,2,0.167,344.8,0.217,NA,NA,55.4,23.1,NA,53.8,2017
"87405500","PM5",6.35,3.17,3,0.284,3540,0.849,NA,NA,59.16,22.14,NA,96.2,2017
"87406900","PM6",6.41,3,3,0.345,38730,1.11,NA,NA,52.1,22.58,NA,109.8,2017
"87398980","PM2",6.21,6.16,1,0.174,770.1,0.065,0.696,0.696,37.75,26.4,NA,54.7,2018
"87409900","PM7",6.67,0.92,5,0.692,64880,4.53,5.47,5.47,22.3,27,NA,234.1,2018
"87398500","PM1",6.01,1.32,3,0.148,160.7,0.085,0.714,0.714,12.55,25.38,NA,82.1,2018
"87398950","PM4",6.35,3.02,2,0.257,272.3,0.29,0.982,0.982,44.47,26.14,NA,80.1,2018
"87398900","PM3",6.44,5.33,3,0.132,325.5,0.636,0.233,0.636,108.95,27.23,NA,64.9,2018
"87398900","PM3",6.66,4.99,2,0.354,686.7,0.197,0.902,0.902,46.44,27.29,NA,68.3,2018
"87406900","PM6",6.94,1.1,6,0.775,29500,5.1,5.5,5.5,18.05,26.3,NA,226.9,2018
"87409900","PM7",7.08,3.16,8,0.81,71200,5.6,7.7,7.7,21.65,27.65,NA,244.7,2018
"87398980","PM2",5.42,6.5,2,0.076,920.8,0.166,1.77,1.77,21.56,13.59,NA,51.7,2018
"87398500","PM1",6.36,4.26,1,0.197,115.3,0.097,1.9,1.9,16.4,17.24,NA,111.2,2018
"87398950","PM4",5.79,5.65,1,0.127,2419.6,0.191,1.5,1.5,18.33,15.54,NA,64.7,2018
"87398900","PM3",6.09,7.01,1,0.119,NA,0.235,0.916,0.916,14.83,18.1,NA,58.1,2018
"87405500","PM5",6.19,3.09,2,0.45,129970,1.82,2.9,2.9,27.91,16.19,NA,112.1,2018
"87406900","PM6",6.27,2.66,3,0.491,NA,2.13,2.18,2.18,25.31,16.34,NA,126.4,2018
"87409900","PM7",6.46,2.62,3,0.534,241500,2.99,4.18,4.18,21.04,17.56,NA,144.7,2018
"87398500","PM1",6.42,7.45,3,0.163,NA,0.362,1.36,1.36,46.69,14.1,NA,73.7,2018
"87398950","PM4",6.63,7.34,2,0.129,5475,0.844,1.44,1.44,34.79,14.05,NA,58.9,2018
"87398980","PM2",6.43,8.12,2,0.042,461.1,0.717,0.766,0.766,14.7,12.47,NA,44.3,2018
"87409900","PM7",6.61,4.38,2,0.239,21600,1.63,2.22,2.22,27.63,15.1,NA,114.9,2018
"87398900","PM3",6.61,7.89,1,0.069,275.5,0.699,1.22,1.22,44.96,14.45,NA,49.4,2018
"87405500","PM5",6.51,5.04,2,0.175,12740,1.16,1.42,1.42,30.35,13.78,NA,85.5,2018
"87406900","PM6",6.38,4.76,2,0.224,11000,1.31,1.5,1.5,32.26,14,NA,91.9,2018
"87398500","PM1",6.26,0.88,1,0.115,185,0.179,1.35,1.35,8.52,24.35,NA,125.1,2018
"87398950","PM4",6.38,2.48,18,0.16,1553.1,0.422,1.95,1.95,18.88,24.24,NA,85.6,2018
"87398980","PM2",6.21,6.35,1,0.096,222.4,NA,1.06,1.06,16.27,21.78,NA,60.4,2018
"87398900","PM3",6.88,5.49,2,0.162,NA,0.304,1.41,1.41,50.18,24.76,NA,69.1,2018
"87409900","PM7",6.75,0.97,6,0.533,79400,4.26,7.8,7.8,9.68,24.75,NA,244.6,2018
"87405500","PM5",6.64,1.14,4,0.403,12960,3.58,4.14,4.14,10.01,23.64,NA,195.4,2018
"87406900","PM6",6.69,0.42,5,0.495,28100,4.28,5.65,5.65,9.62,25.05,NA,213.9,2018
"87398500","PM1",6.27,0.38,5,0.241,325.5,0.419,2.06,2.06,9.8,26.31,NA,101.9,2019
"87398950","PM4",6.57,1.62,4,0.139,1732.9,0.497,1.48,1.48,29.87,27.36,NA,89.7,2019
"87398900","PM3",6.84,3.9,1,0.092,79.4,0.455,1.68,1.68,35.77,27.96,NA,74.3,2019
"87405500","PM5",7.01,0.36,9,0.522,461100,5.99,6.65,6.65,17.92,24.86,NA,279.6,2019
"87406900","PM6",6.96,0.28,10,0.582,686700,6.57,8.12,8.12,18.05,25.2,NA,277.6,2019
"87409900","PM7",6.92,0.86,2,0.542,235900,5.27,7.07,7.07,12.77,26.69,NA,219.3,2019
"87398980","PM2",6.58,6.81,2,0.11,435.2,0.602,1.05,1.05,33.18,21.8,NA,67.4,2019
"87405500","PM5",6.44,2.65,3,0.187,31700,0.922,2.05,2.05,30,18.9,NA,104.6,2019
"87406900","PM6",6.46,2.57,3,0.216,50400,0.19,1.93,1.93,22,18.95,NA,111,2019
"87409900","PM7",6.53,2.03,11,0.266,38400,2.21,2.46,2.46,16,19.3,NA,134.3,2019
"87398500","PM1",6.32,3.55,1,0.097,345,0.227,0.991,0.991,15.5,19.22,NA,68.5,2019
"87398900","PM3",6.06,4.58,2,0.094,1553.1,0.187,1.26,1.26,16.4,19.1,NA,60,2019
"87398950","PM4",6.26,4.43,2,0.134,10462,0.307,1.04,1.04,33.75,18.65,NA,70.4,2019
"87405500","PM5",6.57,3.66,5,0.332,10390,1.86,3.6,3.6,17.5,17.08,NA,119.7,2019
"87406900","PM6",6.58,2.85,4,0.4,26200,2.58,4,4,16,17.5,NA,140.5,2019
"87409900","PM7",6.63,2.34,4,0.389,16100,2.7,4.46,4.46,16,17.71,NA,157.6,2019
"87398500","PM1",6.66,5.25,1,0.092,214.3,0.184,0.783,0.783,17.84,19.05,NA,99.5,2019
"87398900","PM3",6.39,7.55,1,0.082,27.2,0.166,0.924,0.924,30,20.72,NA,56.7,2019
"87398950","PM4",6.43,6.72,1,0.118,487,0.235,0.97,0.97,27,17.72,NA,60.1,2019
"87398980","PM2",6.32,7.08,1,0.59,1413.6,0.081,1,1,15,17.62,NA,53.9,2019
"87398980","PM2",5.52,4.57,2,0.182,248.1,0.347,2.32,2.32,18.88,23.33,NA,51.6,2019
"87405500","PM5",5.64,2.3,3,0.21,18600,1.19,1.96,1.96,16.85,23.78,NA,98.8,2019
"87406900","PM6",5.6,1.95,4,0.25,23800,1.08,1.49,1.49,16.37,23.66,NA,108.9,2019
"87409900","PM7",5.59,1.66,4,0.322,26500,1.75,NA,NA,14.92,25.81,NA,127.2,2019
"87398500","PM1",5.47,1.93,5,0.172,364,0.114,0.727,0.727,19.3,23.61,NA,80.22,2019
"87398900","PM3",5.68,5.17,2,0.21,47.4,0.152,NA,NA,39.7,24.17,NA,53,2019
"87398950","PM4",5.71,4.32,2,0.145,1169,0.4,NA,NA,25.12,23.62,NA,61.6,2019
"87398500","PM1",6.23,1.9,6,0.162,1732.8,0.308,1.71,1.71,13.5,24.16,NA,87.5,2020
"87398950","PM4",6.64,2.53,16,0.463,310,0.951,2.06,2.06,24.5,26.17,NA,195.2,2020
"87398900","PM3",6.45,7,3,0.322,579.4,0.14,1.23,1.23,29.16,28.7,NA,103,2020
"87405500","PM5",6.7,2.53,21,0.567,50400,4.62,7.09,7.09,32,26.41,NA,263,2020
"87406900","PM6",6.5,0.55,24,0.652,290900,4.59,5.8,5.8,81.29,25.15,NA,212,2020
"87409900","PM7",6.72,4.35,15,0.367,16000,2.62,3.54,3.54,21.84,26.84,NA,131,2020
"87398980","PM2",5.72,6.7,2,0.179,1553.1,0.341,1.63,1.63,109.74,22.58,NA,63,2020
"87398900","PM3",5.99,3.67,4,0.123,28.5,NA,NA,NA,31.8,27.79,NA,81,2022
"87398500","PM1",6.17,0.25,10,0.24,224.7,NA,NA,NA,10.8,28.1,NA,87.3,2022
"87398980","PM2",6.1,2.65,15,0.259,1299.7,NA,NA,NA,27.5,25.54,NA,104.3,2022
"87398950","PM4",6.34,2.62,7,0.203,362,NA,NA,NA,23.5,27.92,NA,103.5,2022
"87398500","PM1",6.41,2.47,1,0.048,81.3,NA,2.16,2.16,8.59,15.86,NA,87.8,2022
"87398950","PM4",6.14,4.71,1,0.029,561,NA,2.15,2.15,12.11,14.75,NA,66.8,2022
"87398980","PM2",6.24,6.98,1,NA,275.5,NA,2.4,2.4,9.75,15.59,NA,60.8,2022
"87409900","PM7",6.63,3.98,23,0.607,13000,1.54,3.57,3.57,17.54,16.36,NA,117.1,2022
"87398900","PM3",6.21,5.19,1,NA,29.8,NA,0.744,0.744,11.15,17.24,NA,68.5,2022
"87405500","PM5",6.39,3.2,1,0.286,23300,0.648,3.9,3.9,31.42,16.53,NA,102.2,2022
"87406900","PM6",6.14,3.21,1,0.345,10100,0.918,3.28,3.28,24.8,16.59,NA,109.7,2022
